[
  {
    "model": "auth.user",
    "fields": {
      "password": "pbkdf2_sha256$390000$TFCGdzMqQHtUSd4RBiEVam$TozeGLc7qswlbSGYw85QvXYn8RUFOIdpWeLv4zM1cSA=",
      "last_login": "2023-03-20T14:49:07.983Z",
      "is_superuser": true,
      "username": "admin",
      "first_name": "",
      "last_name": "",
      "email": "",
      "is_staff": true,
      "is_active": true,
      "date_joined": "2023-02-19T14:53:21.875Z",
      "groups": [],
      "user_permissions": []
    }
  },
  {
    "model": "auth.user",
    "fields": {
      "password": "pbkdf2_sha256$390000$xjaVshi2HJgL8RnEVRbNPt$7sS3jvL5Rmrk29unfAoJrUbZ6BlX1iuGGMKJk4kmCrE=",
      "last_login": "2023-03-20T14:42:30.465Z",
      "is_superuser": false,
      "username": "chriskok",
      "first_name": "",
      "last_name": "",
      "email": "chriskok@umich.edu",
      "is_staff": false,
      "is_active": true,
      "date_joined": "2023-03-05T13:52:24.294Z",
      "groups": [],
      "user_permissions": []
    }
  },
  {
    "model": "auth.user",
    "fields": {
      "password": "pbkdf2_sha256$390000$tnEcbdBy7loVdLezgwX7fI$Ficb3NOZ+kDOb3AJ7AQD+p6Zflp9f2OMBV4M7Ga+2MI=",
      "last_login": "2023-03-05T16:43:10.752Z",
      "is_superuser": false,
      "username": "gregtc",
      "first_name": "",
      "last_name": "",
      "email": "gregtc@umich.edu",
      "is_staff": false,
      "is_active": true,
      "date_joined": "2023-03-05T15:30:51.390Z",
      "groups": [],
      "user_permissions": []
    }
  },
  {
    "model": "auth.user",
    "fields": {
      "password": "cikgupass",
      "last_login": null,
      "is_superuser": false,
      "username": "adilahmohdnor92",
      "first_name": "",
      "last_name": "",
      "email": "adilahmohdnor92@gmail.com",
      "is_staff": false,
      "is_active": true,
      "date_joined": "2023-03-13T17:41:35.425Z",
      "groups": [],
      "user_permissions": []
    }
  },
  {
    "model": "auth.user",
    "fields": {
      "password": "cikgupass",
      "last_login": null,
      "is_superuser": false,
      "username": "rosnanibtabdulhamid",
      "first_name": "",
      "last_name": "",
      "email": "rosnanibtabdulhamid@gmail.com",
      "is_staff": false,
      "is_active": true,
      "date_joined": "2023-03-13T17:41:35.430Z",
      "groups": [],
      "user_permissions": []
    }
  },
  {
    "model": "auth.user",
    "fields": {
      "password": "cikgupass",
      "last_login": null,
      "is_superuser": false,
      "username": "leeyen.tay",
      "first_name": "",
      "last_name": "",
      "email": "leeyen.tay@gmail.com",
      "is_staff": false,
      "is_active": true,
      "date_joined": "2023-03-13T17:41:35.433Z",
      "groups": [],
      "user_permissions": []
    }
  },
  {
    "model": "auth.user",
    "fields": {
      "password": "cikgupass",
      "last_login": null,
      "is_superuser": false,
      "username": "xianhui.ang",
      "first_name": "",
      "last_name": "",
      "email": "xianhui.ang@gmail.com",
      "is_staff": false,
      "is_active": true,
      "date_joined": "2023-03-13T17:41:35.437Z",
      "groups": [],
      "user_permissions": []
    }
  },
  {
    "model": "auth.user",
    "fields": {
      "password": "cikgupass",
      "last_login": null,
      "is_superuser": false,
      "username": "tgsuzana819",
      "first_name": "",
      "last_name": "",
      "email": "tgsuzana819@gmail.com",
      "is_staff": false,
      "is_active": true,
      "date_joined": "2023-03-13T17:41:35.441Z",
      "groups": [],
      "user_permissions": []
    }
  },
  {
    "model": "auth.user",
    "fields": {
      "password": "cikgupass",
      "last_login": null,
      "is_superuser": false,
      "username": " g-09107645",
      "first_name": "",
      "last_name": "",
      "email": " g-09107645@moe-dl.edu.my",
      "is_staff": false,
      "is_active": true,
      "date_joined": "2023-03-13T17:41:35.444Z",
      "groups": [],
      "user_permissions": []
    }
  },
  {
    "model": "auth.user",
    "fields": {
      "password": "cikgupass",
      "last_login": null,
      "is_superuser": false,
      "username": "monagal20",
      "first_name": "",
      "last_name": "",
      "email": "monagal20@gmail.com",
      "is_staff": false,
      "is_active": true,
      "date_joined": "2023-03-13T17:41:35.448Z",
      "groups": [],
      "user_permissions": []
    }
  },
  {
    "model": "auth.user",
    "fields": {
      "password": "cikgupass",
      "last_login": null,
      "is_superuser": false,
      "username": "kamalkhairimazlan",
      "first_name": "",
      "last_name": "",
      "email": "kamalkhairimazlan@gmail.com",
      "is_staff": false,
      "is_active": true,
      "date_joined": "2023-03-13T17:41:35.451Z",
      "groups": [],
      "user_permissions": []
    }
  },
  {
    "model": "auth.user",
    "fields": {
      "password": "cikgupass",
      "last_login": null,
      "is_superuser": false,
      "username": "atikah.nazari",
      "first_name": "",
      "last_name": "",
      "email": "atikah.nazari@moe.gov.my",
      "is_staff": false,
      "is_active": true,
      "date_joined": "2023-03-13T17:41:35.454Z",
      "groups": [],
      "user_permissions": []
    }
  },
  {
    "model": "auth.user",
    "fields": {
      "password": "cikgupass",
      "last_login": null,
      "is_superuser": false,
      "username": "madammaya027",
      "first_name": "",
      "last_name": "",
      "email": "madammaya027@gmail.com",
      "is_staff": false,
      "is_active": true,
      "date_joined": "2023-03-13T17:41:35.457Z",
      "groups": [],
      "user_permissions": []
    }
  },
  {
    "model": "auth.user",
    "fields": {
      "password": "cikgupass",
      "last_login": null,
      "is_superuser": false,
      "username": "lizazainallinus",
      "first_name": "",
      "last_name": "",
      "email": "lizazainallinus@gmail.com",
      "is_staff": false,
      "is_active": true,
      "date_joined": "2023-03-13T17:41:35.461Z",
      "groups": [],
      "user_permissions": []
    }
  },
  {
    "model": "auth.user",
    "fields": {
      "password": "cikgupass",
      "last_login": null,
      "is_superuser": false,
      "username": "g-12521925",
      "first_name": "",
      "last_name": "",
      "email": "g-12521925@moe-dl.edu.my",
      "is_staff": false,
      "is_active": true,
      "date_joined": "2023-03-13T17:41:35.464Z",
      "groups": [],
      "user_permissions": []
    }
  },
  {
    "model": "auth.user",
    "fields": {
      "password": "cikgupass",
      "last_login": null,
      "is_superuser": false,
      "username": "mzyunsora",
      "first_name": "",
      "last_name": "",
      "email": "mzyunsora@gmail.com",
      "is_staff": false,
      "is_active": true,
      "date_joined": "2023-03-13T17:41:35.467Z",
      "groups": [],
      "user_permissions": []
    }
  },
  {
    "model": "auth.user",
    "fields": {
      "password": "cikgupass",
      "last_login": null,
      "is_superuser": false,
      "username": "g-ipg007719",
      "first_name": "",
      "last_name": "",
      "email": "g-ipg007719@moe-dl.edu.my",
      "is_staff": false,
      "is_active": true,
      "date_joined": "2023-03-13T17:41:35.470Z",
      "groups": [],
      "user_permissions": []
    }
  },
  {
    "model": "auth.user",
    "fields": {
      "password": "cikgupass",
      "last_login": null,
      "is_superuser": false,
      "username": "g-64096805",
      "first_name": "",
      "last_name": "",
      "email": "g-64096805@moe-dl.edu.my",
      "is_staff": false,
      "is_active": true,
      "date_joined": "2023-03-13T17:41:35.474Z",
      "groups": [],
      "user_permissions": []
    }
  },
  {
    "model": "auth.user",
    "fields": {
      "password": "cikgupass",
      "last_login": null,
      "is_superuser": false,
      "username": "g-49194681",
      "first_name": "",
      "last_name": "",
      "email": "g-49194681@moe-dl.edu.my",
      "is_staff": false,
      "is_active": true,
      "date_joined": "2023-03-13T17:41:35.477Z",
      "groups": [],
      "user_permissions": []
    }
  },
  {
    "model": "auth.user",
    "fields": {
      "password": "cikgupass",
      "last_login": null,
      "is_superuser": false,
      "username": "margaretng",
      "first_name": "",
      "last_name": "",
      "email": "margaretng@hotmail.my",
      "is_staff": false,
      "is_active": true,
      "date_joined": "2023-03-13T17:41:35.480Z",
      "groups": [],
      "user_permissions": []
    }
  },
  {
    "model": "auth.user",
    "fields": {
      "password": "cikgupass",
      "last_login": null,
      "is_superuser": false,
      "username": "nurhamimi.rohimi2022",
      "first_name": "",
      "last_name": "",
      "email": "nurhamimi.rohimi2022@teachformalaysia.org",
      "is_staff": false,
      "is_active": true,
      "date_joined": "2023-03-13T17:41:35.483Z",
      "groups": [],
      "user_permissions": []
    }
  },
  {
    "model": "auth.user",
    "fields": {
      "password": "cikgupass",
      "last_login": null,
      "is_superuser": false,
      "username": "emilyfamjq",
      "first_name": "",
      "last_name": "",
      "email": "emilyfamjq@gmail.com",
      "is_staff": false,
      "is_active": true,
      "date_joined": "2023-03-13T17:41:35.487Z",
      "groups": [],
      "user_permissions": []
    }
  },
  {
    "model": "auth.user",
    "fields": {
      "password": "cikgupass",
      "last_login": null,
      "is_superuser": false,
      "username": "g-65523807",
      "first_name": "",
      "last_name": "",
      "email": "g-65523807@moe-dl.edu.my",
      "is_staff": false,
      "is_active": true,
      "date_joined": "2023-03-13T17:41:35.490Z",
      "groups": [],
      "user_permissions": []
    }
  },
  {
    "model": "auth.user",
    "fields": {
      "password": "cikgupass",
      "last_login": null,
      "is_superuser": false,
      "username": "yuiyin0406",
      "first_name": "",
      "last_name": "",
      "email": "yuiyin0406@gmail.com",
      "is_staff": false,
      "is_active": true,
      "date_joined": "2023-03-13T17:41:35.492Z",
      "groups": [],
      "user_permissions": []
    }
  },
  {
    "model": "auth.user",
    "fields": {
      "password": "cikgupass",
      "last_login": null,
      "is_superuser": false,
      "username": "aisyah.mohamadothman",
      "first_name": "",
      "last_name": "",
      "email": "aisyah.mohamadothman@gmail.com",
      "is_staff": false,
      "is_active": true,
      "date_joined": "2023-03-13T17:41:35.495Z",
      "groups": [],
      "user_permissions": []
    }
  },
  {
    "model": "auth.user",
    "fields": {
      "password": "cikgupass",
      "last_login": null,
      "is_superuser": false,
      "username": "g-42179703",
      "first_name": "",
      "last_name": "",
      "email": "g-42179703@moe-dl.edu.my",
      "is_staff": false,
      "is_active": true,
      "date_joined": "2023-03-13T17:41:35.498Z",
      "groups": [],
      "user_permissions": []
    }
  },
  {
    "model": "auth.user",
    "fields": {
      "password": "cikgupass",
      "last_login": null,
      "is_superuser": false,
      "username": "apraveenraj",
      "first_name": "",
      "last_name": "",
      "email": "apraveenraj@yahoo.com",
      "is_staff": false,
      "is_active": true,
      "date_joined": "2023-03-13T17:41:35.501Z",
      "groups": [],
      "user_permissions": []
    }
  },
  {
    "model": "auth.user",
    "fields": {
      "password": "cikgupass",
      "last_login": null,
      "is_superuser": false,
      "username": "csivachan",
      "first_name": "",
      "last_name": "",
      "email": "csivachan@gmail.com",
      "is_staff": false,
      "is_active": true,
      "date_joined": "2023-03-13T17:41:35.504Z",
      "groups": [],
      "user_permissions": []
    }
  },
  {
    "model": "sessions.session",
    "pk": "imdtymtldfpjiaac121xzk45a6llcypa",
    "fields": {
      "session_data": ".eJxVjEEOwiAQRe_C2pAWhtBx6d4zkGEYpGogKe3KeHdt0oVu_3vvv1SgbS1h67KEOamzGtXpd4vED6k7SHeqt6a51XWZo94VfdCury3J83K4fweFevnWmMWDQxGIaKMgUQYZPZtBnGMXkcC6lDABwWQZ44RkeLCE4hmyUe8PBFk4qQ:1pcuq3:7WUaFhjL1uPeAc0HswvbPSB_hQPPs8Ww7CAaNCs7_rI",
      "expire_date": "2023-03-30T21:08:43.737Z"
    }
  },
  {
    "model": "sessions.session",
    "pk": "l5rotx6i18ukgn7ppo8l1vs8t5gh5oks",
    "fields": {
      "session_data": ".eJxVjEEOgkAMRe8yazMp4BTq0j1nmLTTIqhhEgZWxrsrCQvd_vfef7nI2zrGrdgSJ3UX17jT7yacHjbvQO8837JPeV6XSfyu-IMW32e15_Vw_w5GLuO3xkCARJQ6IMJQS6dI2A7SWg0VGghX2gRJTOE8CAyQhIMyG2kNZu79AcdROD8:1pYrZo:fvv9dJPPceTasVIBjisl1iPsoVoh-NM33GO-kRJyXVQ",
      "expire_date": "2023-03-19T16:51:12.830Z"
    }
  },
  {
    "model": "sessions.session",
    "pk": "lmao6klgsjsj57ymw2hl3180gtqoj814",
    "fields": {
      "session_data": ".eJxVjEEOwiAQAP_C2RCgFLsevfsGsuwuUjU0Ke3J-HdD0oNeZybzVhH3rcS9yRpnVhdl1emXJaSn1C74gfW-aFrqts5J90QftunbwvK6Hu3foGArfesmlyEABEOWEAkyOhI2lKdRhoHYIoNP6QzJihlFjAT2EmwmJPbq8wUBOzlL:1peGot:ckC19k8YLfc_6tp2b8ItXcqEmOjk_nlBvjOLHC7PONE",
      "expire_date": "2023-04-03T14:49:07.984Z"
    }
  },
  {
    "model": "sessions.session",
    "pk": "lsir6baloas7a6vez002tya0u2vync8p",
    "fields": {
      "session_data": ".eJxVjMsOwiAQRf-FtSFAeUxduvcbCMwMUjU0Ke3K-O_apAvd3nPOfYmYtrXGrfMSJxJnocXpd8sJH9x2QPfUbrPEua3LlOWuyIN2eZ2Jn5fD_TuoqddvDYUoOPJgA5RgQRnD2lnGHJRX5BUUxlEHjc7wMOQ0quIxo_XOWGdAvD_V5DdS:1pYoZl:wLJ5eYW0PCvzFjhu2F4g4xxFLaDdqFmtbeJny5jej8k",
      "expire_date": "2023-03-19T13:38:57.868Z"
    }
  },
  {
    "model": "sessions.session",
    "pk": "mgwfn6ibazgw5yhxinzcitt77ca814jv",
    "fields": {
      "session_data": ".eJxVjMsOwiAQRf-FtSFAeUxduvcbCMwMUjU0Ke3K-O_apAvd3nPOfYmYtrXGrfMSJxJnocXpd8sJH9x2QPfUbrPEua3LlOWuyIN2eZ2Jn5fD_TuoqddvDYUoOPJgA5RgQRnD2lnGHJRX5BUUxlEHjc7wMOQ0quIxo_XOWGdAvD_V5DdS:1pYrSA:emeC3PjPzsY6xIaogGR0jPMj6e4sXudzjLr4jLGcDVI",
      "expire_date": "2023-03-19T16:43:18.210Z"
    }
  },
  {
    "model": "sessions.session",
    "pk": "nfqoad4cj40zsvqlx83y4usd2ilk0qti",
    "fields": {
      "session_data": ".eJxVjMsOwiAQRf-FtSFAeUxduvcbCMwMUjU0Ke3K-O_apAvd3nPOfYmYtrXGrfMSJxJnocXpd8sJH9x2QPfUbrPEua3LlOWuyIN2eZ2Jn5fD_TuoqddvDYUoOPJgA5RgQRnD2lnGHJRX5BUUxlEHjc7wMOQ0quIxo_XOWGdAvD_V5DdS:1pZeVX:jt1krKMVvT8vHslc1M3TI8VpfY8dEMJmlY4cB2wz7cg",
      "expire_date": "2023-03-21T21:06:03.200Z"
    }
  },
  {
    "model": "main.feedback",
    "pk": 1,
    "fields": {
      "user": [
        "adilahmohdnor92"
      ],
      "feedback": "",
      "human_approved": false,
      "human_edited": false,
      "planner_score": 4.0,
      "guardian_score": 20.0,
      "mentor_score": 23.0,
      "motivator_score": 14.0,
      "assessor_score": 4.0
    }
  },
  {
    "model": "main.feedback",
    "pk": 2,
    "fields": {
      "user": [
        "rosnanibtabdulhamid"
      ],
      "feedback": "",
      "human_approved": false,
      "human_edited": false,
      "planner_score": 81.0,
      "guardian_score": 89.0,
      "mentor_score": 88.0,
      "motivator_score": 99.0,
      "assessor_score": 92.0
    }
  },
  {
    "model": "main.feedback",
    "pk": 3,
    "fields": {
      "user": [
        "leeyen.tay"
      ],
      "feedback": "",
      "human_approved": false,
      "human_edited": false,
      "planner_score": 66.0,
      "guardian_score": 47.0,
      "mentor_score": 48.0,
      "motivator_score": 50.0,
      "assessor_score": 70.0
    }
  },
  {
    "model": "main.feedback",
    "pk": 4,
    "fields": {
      "user": [
        "xianhui.ang"
      ],
      "feedback": "",
      "human_approved": false,
      "human_edited": false,
      "planner_score": 5.0,
      "guardian_score": 14.0,
      "mentor_score": 17.0,
      "motivator_score": 23.0,
      "assessor_score": 14.0
    }
  },
  {
    "model": "main.feedback",
    "pk": 5,
    "fields": {
      "user": [
        "tgsuzana819"
      ],
      "feedback": "",
      "human_approved": false,
      "human_edited": false,
      "planner_score": 86.0,
      "guardian_score": 83.0,
      "mentor_score": 92.0,
      "motivator_score": 95.0,
      "assessor_score": 84.0
    }
  },
  {
    "model": "main.feedback",
    "pk": 6,
    "fields": {
      "user": [
        " g-09107645"
      ],
      "feedback": "",
      "human_approved": false,
      "human_edited": false,
      "planner_score": 99.0,
      "guardian_score": 94.0,
      "mentor_score": 86.0,
      "motivator_score": 96.0,
      "assessor_score": 86.0
    }
  },
  {
    "model": "main.feedback",
    "pk": 7,
    "fields": {
      "user": [
        "monagal20"
      ],
      "feedback": "",
      "human_approved": false,
      "human_edited": false,
      "planner_score": 92.0,
      "guardian_score": 87.0,
      "mentor_score": 95.0,
      "motivator_score": 92.0,
      "assessor_score": 89.0
    }
  },
  {
    "model": "main.feedback",
    "pk": 8,
    "fields": {
      "user": [
        "kamalkhairimazlan"
      ],
      "feedback": "",
      "human_approved": false,
      "human_edited": false,
      "planner_score": 26.0,
      "guardian_score": 39.0,
      "mentor_score": 20.0,
      "motivator_score": 35.0,
      "assessor_score": 15.0
    }
  },
  {
    "model": "main.feedback",
    "pk": 9,
    "fields": {
      "user": [
        "atikah.nazari"
      ],
      "feedback": "",
      "human_approved": false,
      "human_edited": false,
      "planner_score": 90.0,
      "guardian_score": 98.0,
      "mentor_score": 85.0,
      "motivator_score": 87.0,
      "assessor_score": 84.0
    }
  },
  {
    "model": "main.feedback",
    "pk": 10,
    "fields": {
      "user": [
        "madammaya027"
      ],
      "feedback": "",
      "human_approved": false,
      "human_edited": false,
      "planner_score": 70.0,
      "guardian_score": 57.0,
      "mentor_score": 78.0,
      "motivator_score": 61.0,
      "assessor_score": 46.0
    }
  },
  {
    "model": "main.feedback",
    "pk": 11,
    "fields": {
      "user": [
        "lizazainallinus"
      ],
      "feedback": "",
      "human_approved": false,
      "human_edited": false,
      "planner_score": 95.0,
      "guardian_score": 92.0,
      "mentor_score": 97.0,
      "motivator_score": 87.0,
      "assessor_score": 91.0
    }
  },
  {
    "model": "main.feedback",
    "pk": 12,
    "fields": {
      "user": [
        "g-12521925"
      ],
      "feedback": "",
      "human_approved": false,
      "human_edited": false,
      "planner_score": 35.0,
      "guardian_score": 14.0,
      "mentor_score": 33.0,
      "motivator_score": 12.0,
      "assessor_score": 31.0
    }
  },
  {
    "model": "main.feedback",
    "pk": 13,
    "fields": {
      "user": [
        "mzyunsora"
      ],
      "feedback": "",
      "human_approved": false,
      "human_edited": false,
      "planner_score": 83.0,
      "guardian_score": 45.0,
      "mentor_score": 63.0,
      "motivator_score": 50.0,
      "assessor_score": 80.0
    }
  },
  {
    "model": "main.feedback",
    "pk": 14,
    "fields": {
      "user": [
        "g-ipg007719"
      ],
      "feedback": "",
      "human_approved": false,
      "human_edited": false,
      "planner_score": 29.0,
      "guardian_score": 5.0,
      "mentor_score": 29.0,
      "motivator_score": 17.0,
      "assessor_score": 43.0
    }
  },
  {
    "model": "main.feedback",
    "pk": 15,
    "fields": {
      "user": [
        "g-64096805"
      ],
      "feedback": "",
      "human_approved": false,
      "human_edited": false,
      "planner_score": 84.0,
      "guardian_score": 94.0,
      "mentor_score": 97.0,
      "motivator_score": 92.0,
      "assessor_score": 84.0
    }
  },
  {
    "model": "main.feedback",
    "pk": 16,
    "fields": {
      "user": [
        "g-49194681"
      ],
      "feedback": "",
      "human_approved": false,
      "human_edited": false,
      "planner_score": 97.0,
      "guardian_score": 92.0,
      "mentor_score": 84.0,
      "motivator_score": 82.0,
      "assessor_score": 88.0
    }
  },
  {
    "model": "main.feedback",
    "pk": 17,
    "fields": {
      "user": [
        "margaretng"
      ],
      "feedback": "",
      "human_approved": false,
      "human_edited": false,
      "planner_score": 9.0,
      "guardian_score": 12.0,
      "mentor_score": 17.0,
      "motivator_score": 17.0,
      "assessor_score": 16.0
    }
  },
  {
    "model": "main.feedback",
    "pk": 18,
    "fields": {
      "user": [
        "nurhamimi.rohimi2022"
      ],
      "feedback": "",
      "human_approved": false,
      "human_edited": false,
      "planner_score": 12.0,
      "guardian_score": 13.0,
      "mentor_score": 23.0,
      "motivator_score": 15.0,
      "assessor_score": 0.0
    }
  },
  {
    "model": "main.feedback",
    "pk": 19,
    "fields": {
      "user": [
        "emilyfamjq"
      ],
      "feedback": "",
      "human_approved": false,
      "human_edited": false,
      "planner_score": 10.0,
      "guardian_score": 8.0,
      "mentor_score": 10.0,
      "motivator_score": 1.0,
      "assessor_score": 20.0
    }
  },
  {
    "model": "main.feedback",
    "pk": 20,
    "fields": {
      "user": [
        "g-65523807"
      ],
      "feedback": "",
      "human_approved": false,
      "human_edited": false,
      "planner_score": 18.0,
      "guardian_score": 17.0,
      "mentor_score": 38.0,
      "motivator_score": 22.0,
      "assessor_score": 28.0
    }
  },
  {
    "model": "main.feedback",
    "pk": 21,
    "fields": {
      "user": [
        "yuiyin0406"
      ],
      "feedback": "",
      "human_approved": false,
      "human_edited": false,
      "planner_score": 2.0,
      "guardian_score": 21.0,
      "mentor_score": 17.0,
      "motivator_score": 13.0,
      "assessor_score": 0.0
    }
  },
  {
    "model": "main.feedback",
    "pk": 22,
    "fields": {
      "user": [
        "aisyah.mohamadothman"
      ],
      "feedback": "",
      "human_approved": false,
      "human_edited": false,
      "planner_score": 4.0,
      "guardian_score": 10.0,
      "mentor_score": 13.0,
      "motivator_score": 14.0,
      "assessor_score": 7.0
    }
  },
  {
    "model": "main.feedback",
    "pk": 23,
    "fields": {
      "user": [
        "g-42179703"
      ],
      "feedback": "",
      "human_approved": false,
      "human_edited": false,
      "planner_score": 80.0,
      "guardian_score": 87.0,
      "mentor_score": 98.0,
      "motivator_score": 80.0,
      "assessor_score": 100.0
    }
  },
  {
    "model": "main.feedback",
    "pk": 24,
    "fields": {
      "user": [
        "apraveenraj"
      ],
      "feedback": "",
      "human_approved": false,
      "human_edited": false,
      "planner_score": 45.0,
      "guardian_score": 53.0,
      "mentor_score": 78.0,
      "motivator_score": 65.0,
      "assessor_score": 60.0
    }
  },
  {
    "model": "main.feedback",
    "pk": 25,
    "fields": {
      "user": [
        "csivachan"
      ],
      "feedback": "",
      "human_approved": false,
      "human_edited": false,
      "planner_score": 16.0,
      "guardian_score": 44.0,
      "mentor_score": 4.0,
      "motivator_score": 31.0,
      "assessor_score": 37.0
    }
  },
  {
    "model": "main.learnermodel",
    "pk": 1,
    "fields": {
      "user": [
        "chriskok"
      ],
      "full_name": "Christopher Kok",
      "school_level": "Sekolah Kebangsaan / National Primary School",
      "years_of_experience": 1.0,
      "role": "Guru Akademik Biasa / Academic Teacher",
      "skill_interests": "Kemahiran Mengajar / Teaching Skills, Kemahiran Digital / Digital Skills (contoh: aplikasi Microsoft Word/Excel/PowerPoint dan Google Doc/Sheet/Slide), Kemahiran Multimedia / Multimedia Skills (contoh: pembangunan video)",
      "other_interests": "Classroom management skills",
      "planner_score": 10.0,
      "guardian_score": 45.0,
      "mentor_score": 3.0,
      "motivator_score": 4.0,
      "assessor_score": 5.0,
      "series_completed": null,
      "current_feedback": null,
      "cluster": 0
    }
  },
  {
    "model": "main.learnermodel",
    "pk": 2,
    "fields": {
      "user": [
        "gregtc"
      ],
      "full_name": "Greg Croisdale",
      "school_level": "Sekolah Menengah Kebangsaan / National Secondary School",
      "years_of_experience": 5.0,
      "role": "Guru Akademik Biasa / Academic Teacher",
      "skill_interests": "Kemahiran Mengajar / Teaching Skills, Kemahiran Digital / Digital Skills (contoh: aplikasi Microsoft Word/Excel/PowerPoint dan Google Doc/Sheet/Slide), Kemahiran Multimedia / Multimedia Skills (contoh: pembangunan video)",
      "other_interests": "Kajian Tindakan dan Inovasi dalam Pendidikan",
      "planner_score": 20.0,
      "guardian_score": 20.0,
      "mentor_score": 20.0,
      "motivator_score": 70.0,
      "assessor_score": 60.0,
      "series_completed": null,
      "current_feedback": null,
      "cluster": 0
    }
  },
  {
    "model": "main.learnermodel",
    "pk": 3,
    "fields": {
      "user": [
        "admin"
      ],
      "full_name": "CikguHub Admin",
      "school_level": "Sekolah Menengah Kebangsaan / National Secondary School",
      "years_of_experience": 3.0,
      "role": "Guru Akademik Biasa / Academic Teacher",
      "skill_interests": "Kemahiran Mengajar / Teaching Skills, Kemahiran Digital / Digital Skills (contoh: aplikasi Microsoft Word/Excel/PowerPoint dan Google Doc/Sheet/Slide), Kemahiran Multimedia / Multimedia Skills (contoh: pembangunan video)",
      "other_interests": "",
      "planner_score": 45.0,
      "guardian_score": 75.0,
      "mentor_score": 22.0,
      "motivator_score": 30.0,
      "assessor_score": 10.0,
      "series_completed": "{\"teaching\":1,\"coaching\": 2,\"digital\":3}",
      "current_feedback": null,
      "cluster": 0
    }
  },
  {
    "model": "main.learnermodel",
    "pk": 4,
    "fields": {
      "user": [
        "adilahmohdnor92"
      ],
      "full_name": "NOR ADILAH BINTI MOHD NOR",
      "school_level": "Saya bukan seorang cikgu / I am not a teacher",
      "years_of_experience": 0.5,
      "role": "mengajar anak di rumah",
      "skill_interests": "Kemahiran Mengajar / Teaching Skills, Bimbingan & Pementoran / Coaching & Mentoring, Kepimpinan / Leadership, Kemahiran Digital / Digital Skills (contoh: aplikasi Microsoft Word/Excel/PowerPoint dan Google Doc/Sheet/Slide), Kemahiran Multimedia / Multimedia Skills (contoh: pembangunan video)",
      "other_interests": "menulis",
      "planner_score": 4.0,
      "guardian_score": 20.0,
      "mentor_score": 23.0,
      "motivator_score": 14.0,
      "assessor_score": 4.0,
      "series_completed": null,
      "current_feedback": 1,
      "cluster": 0
    }
  },
  {
    "model": "main.learnermodel",
    "pk": 5,
    "fields": {
      "user": [
        "rosnanibtabdulhamid"
      ],
      "full_name": "ROSNANI BINTI ABDUL HAMID",
      "school_level": "Sekolah Menengah Kebangsaan / National Secondary School",
      "years_of_experience": 12.5,
      "role": "Guru Akademik Biasa / Academic Teacher",
      "skill_interests": "Kemahiran Digital / Digital Skills (contoh: aplikasi Microsoft Word/Excel/PowerPoint dan Google Doc/Sheet/Slide)",
      "other_interests": "Digital Classroom",
      "planner_score": 81.0,
      "guardian_score": 89.0,
      "mentor_score": 88.0,
      "motivator_score": 99.0,
      "assessor_score": 92.0,
      "series_completed": null,
      "current_feedback": 2,
      "cluster": 0
    }
  },
  {
    "model": "main.learnermodel",
    "pk": 6,
    "fields": {
      "user": [
        "leeyen.tay"
      ],
      "full_name": "TAY LEE YEN",
      "school_level": "Sekolah Menengah Kebangsaan / National Secondary School",
      "years_of_experience": 8.0,
      "role": "Guru Akademik Biasa / Academic Teacher",
      "skill_interests": "Kemahiran Mengajar / Teaching Skills, Kemahiran Multimedia / Multimedia Skills (contoh: pembangunan video)",
      "other_interests": "nan",
      "planner_score": 66.0,
      "guardian_score": 47.0,
      "mentor_score": 48.0,
      "motivator_score": 50.0,
      "assessor_score": 70.0,
      "series_completed": null,
      "current_feedback": 3,
      "cluster": 0
    }
  },
  {
    "model": "main.learnermodel",
    "pk": 7,
    "fields": {
      "user": [
        "xianhui.ang"
      ],
      "full_name": "Ang Xian Hui",
      "school_level": "Saya bukan seorang cikgu / I am not a teacher",
      "years_of_experience": 0.5,
      "role": "nan",
      "skill_interests": "Kemahiran Mengajar / Teaching Skills",
      "other_interests": "Curriculum development",
      "planner_score": 5.0,
      "guardian_score": 14.0,
      "mentor_score": 17.0,
      "motivator_score": 23.0,
      "assessor_score": 14.0,
      "series_completed": null,
      "current_feedback": 4,
      "cluster": 0
    }
  },
  {
    "model": "main.learnermodel",
    "pk": 8,
    "fields": {
      "user": [
        "tgsuzana819"
      ],
      "full_name": "SUZANA ISHAK",
      "school_level": "Sekolah Kebangsaan / National Primary School",
      "years_of_experience": 12.5,
      "role": "Guru Akademik Biasa / Academic Teacher, Penyelaras HIP",
      "skill_interests": "Kemahiran Mengajar / Teaching Skills, Bimbingan & Pementoran / Coaching & Mentoring, Kepimpinan / Leadership, Kemahiran Digital / Digital Skills (contoh: aplikasi Microsoft Word/Excel/PowerPoint dan Google Doc/Sheet/Slide), Kemahiran Multimedia / Multimedia Skills (contoh: pembangunan video)",
      "other_interests": "PUBLIC SPEAKING",
      "planner_score": 86.0,
      "guardian_score": 83.0,
      "mentor_score": 92.0,
      "motivator_score": 95.0,
      "assessor_score": 84.0,
      "series_completed": null,
      "current_feedback": 5,
      "cluster": 0
    }
  },
  {
    "model": "main.learnermodel",
    "pk": 9,
    "fields": {
      "user": [
        " g-09107645"
      ],
      "full_name": "IBRAHIM BIN CHE SULAIMAN",
      "school_level": "Sekolah Menengah Kebangsaan / National Secondary School",
      "years_of_experience": 12.5,
      "role": "Ketua Panitia / Panel Head",
      "skill_interests": "Kemahiran Digital / Digital Skills (contoh: aplikasi Microsoft Word/Excel/PowerPoint dan Google Doc/Sheet/Slide), Kemahiran Multimedia / Multimedia Skills (contoh: pembangunan video)",
      "other_interests": "NO COMMENT",
      "planner_score": 99.0,
      "guardian_score": 94.0,
      "mentor_score": 86.0,
      "motivator_score": 96.0,
      "assessor_score": 86.0,
      "series_completed": null,
      "current_feedback": 6,
      "cluster": 0
    }
  },
  {
    "model": "main.learnermodel",
    "pk": 10,
    "fields": {
      "user": [
        "monagal20"
      ],
      "full_name": "MOGANA A/P LETCHUMANAN",
      "school_level": "Sekolah Kebangsaan / National Primary School",
      "years_of_experience": 12.5,
      "role": "Guru Akademik Biasa / Academic Teacher",
      "skill_interests": "Kemahiran Mengajar / Teaching Skills, Kepimpinan / Leadership, Kemahiran Digital / Digital Skills (contoh: aplikasi Microsoft Word/Excel/PowerPoint dan Google Doc/Sheet/Slide), Kemahiran Multimedia / Multimedia Skills (contoh: pembangunan video)",
      "other_interests": "Fun learning for kids in pdpc",
      "planner_score": 92.0,
      "guardian_score": 87.0,
      "mentor_score": 95.0,
      "motivator_score": 92.0,
      "assessor_score": 89.0,
      "series_completed": null,
      "current_feedback": 7,
      "cluster": 0
    }
  },
  {
    "model": "main.learnermodel",
    "pk": 11,
    "fields": {
      "user": [
        "kamalkhairimazlan"
      ],
      "full_name": "Kamal Khairi bin Mazlan",
      "school_level": "Saya bukan seorang cikgu / I am not a teacher",
      "years_of_experience": 3.0,
      "role": "Officer",
      "skill_interests": "Kemahiran Mengajar / Teaching Skills, Kemahiran Digital / Digital Skills (contoh: aplikasi Microsoft Word/Excel/PowerPoint dan Google Doc/Sheet/Slide), Kemahiran Multimedia / Multimedia Skills (contoh: pembangunan video)",
      "other_interests": "Counseling Skills",
      "planner_score": 26.0,
      "guardian_score": 39.0,
      "mentor_score": 20.0,
      "motivator_score": 35.0,
      "assessor_score": 15.0,
      "series_completed": null,
      "current_feedback": 8,
      "cluster": 0
    }
  },
  {
    "model": "main.learnermodel",
    "pk": 12,
    "fields": {
      "user": [
        "atikah.nazari"
      ],
      "full_name": "SITI NUR ATIKAH BINTI NAZARI ",
      "school_level": "Other:",
      "years_of_experience": 12.5,
      "role": "School Improvement Specialist Coach Plus(SISC+)",
      "skill_interests": "Kemahiran Mengajar / Teaching Skills, Bimbingan & Pementoran / Coaching & Mentoring, Kepimpinan / Leadership, Kemahiran Digital / Digital Skills (contoh: aplikasi Microsoft Word/Excel/PowerPoint dan Google Doc/Sheet/Slide), Kemahiran Multimedia / Multimedia Skills (contoh: pembangunan video), Effective communication ",
      "other_interests": "Writing for educational purposes ",
      "planner_score": 90.0,
      "guardian_score": 98.0,
      "mentor_score": 85.0,
      "motivator_score": 87.0,
      "assessor_score": 84.0,
      "series_completed": null,
      "current_feedback": 9,
      "cluster": 0
    }
  },
  {
    "model": "main.learnermodel",
    "pk": 13,
    "fields": {
      "user": [
        "madammaya027"
      ],
      "full_name": "Maya Ngatimin",
      "school_level": "Saya bukan seorang cikgu / I am not a teacher",
      "years_of_experience": 8.0,
      "role": "Currently not working",
      "skill_interests": "Kemahiran Mengajar / Teaching Skills, Bimbingan & Pementoran / Coaching & Mentoring, Kepimpinan / Leadership, Kemahiran Digital / Digital Skills (contoh: aplikasi Microsoft Word/Excel/PowerPoint dan Google Doc/Sheet/Slide), Kemahiran Multimedia / Multimedia Skills (contoh: pembangunan video)",
      "other_interests": "nan",
      "planner_score": 70.0,
      "guardian_score": 57.0,
      "mentor_score": 78.0,
      "motivator_score": 61.0,
      "assessor_score": 46.0,
      "series_completed": null,
      "current_feedback": 10,
      "cluster": 0
    }
  },
  {
    "model": "main.learnermodel",
    "pk": 14,
    "fields": {
      "user": [
        "lizazainallinus"
      ],
      "full_name": "ROZEELIZAWATI BINTI ZAINAL ABIDIN",
      "school_level": "Other:",
      "years_of_experience": 12.5,
      "role": "Penolong Pegawai PPD Bentong",
      "skill_interests": "Kemahiran Mengajar / Teaching Skills, Bimbingan & Pementoran / Coaching & Mentoring, Kepimpinan / Leadership, Kemahiran Digital / Digital Skills (contoh: aplikasi Microsoft Word/Excel/PowerPoint dan Google Doc/Sheet/Slide), Kemahiran Multimedia / Multimedia Skills (contoh: pembangunan video)",
      "other_interests": "nan",
      "planner_score": 95.0,
      "guardian_score": 92.0,
      "mentor_score": 97.0,
      "motivator_score": 87.0,
      "assessor_score": 91.0,
      "series_completed": null,
      "current_feedback": 11,
      "cluster": 0
    }
  },
  {
    "model": "main.learnermodel",
    "pk": 15,
    "fields": {
      "user": [
        "g-12521925"
      ],
      "full_name": "FONG EELAINE",
      "school_level": "Sekolah Kebangsaan / National Primary School",
      "years_of_experience": 3.0,
      "role": "Guru Akademik Biasa / Academic Teacher",
      "skill_interests": "Kemahiran Mengajar / Teaching Skills, Bimbingan & Pementoran / Coaching & Mentoring",
      "other_interests": "nan",
      "planner_score": 35.0,
      "guardian_score": 14.0,
      "mentor_score": 33.0,
      "motivator_score": 12.0,
      "assessor_score": 31.0,
      "series_completed": null,
      "current_feedback": 12,
      "cluster": 0
    }
  },
  {
    "model": "main.learnermodel",
    "pk": 16,
    "fields": {
      "user": [
        "mzyunsora"
      ],
      "full_name": "SHEENA SARMIE BINTI ISAH",
      "school_level": "Sekolah Menengah Kebangsaan / National Secondary School",
      "years_of_experience": 8.0,
      "role": "Guru Akademik Biasa / Academic Teacher, Ketua Panitia / Panel Head",
      "skill_interests": "Kemahiran Mengajar / Teaching Skills, Bimbingan & Pementoran / Coaching & Mentoring, Kepimpinan / Leadership, Kemahiran Digital / Digital Skills (contoh: aplikasi Microsoft Word/Excel/PowerPoint dan Google Doc/Sheet/Slide), Kemahiran Multimedia / Multimedia Skills (contoh: pembangunan video)",
      "other_interests": "nan",
      "planner_score": 83.0,
      "guardian_score": 45.0,
      "mentor_score": 63.0,
      "motivator_score": 50.0,
      "assessor_score": 80.0,
      "series_completed": null,
      "current_feedback": 13,
      "cluster": 0
    }
  },
  {
    "model": "main.learnermodel",
    "pk": 17,
    "fields": {
      "user": [
        "g-ipg007719"
      ],
      "full_name": "TAN YI YING ",
      "school_level": "Sekolah Kebangsaan / National Primary School",
      "years_of_experience": 3.0,
      "role": "Guru Akademik Biasa / Academic Teacher",
      "skill_interests": "Kemahiran Mengajar / Teaching Skills, Bimbingan & Pementoran / Coaching & Mentoring, Kepimpinan / Leadership, Kemahiran Digital / Digital Skills (contoh: aplikasi Microsoft Word/Excel/PowerPoint dan Google Doc/Sheet/Slide), Kemahiran Multimedia / Multimedia Skills (contoh: pembangunan video)",
      "other_interests": "nan",
      "planner_score": 29.0,
      "guardian_score": 5.0,
      "mentor_score": 29.0,
      "motivator_score": 17.0,
      "assessor_score": 43.0,
      "series_completed": null,
      "current_feedback": 14,
      "cluster": 0
    }
  },
  {
    "model": "main.learnermodel",
    "pk": 18,
    "fields": {
      "user": [
        "g-64096805"
      ],
      "full_name": "TAN JOO LEE",
      "school_level": "Sekolah Menengah Kebangsaan / National Secondary School",
      "years_of_experience": 12.5,
      "role": "Guru Akademik Biasa / Academic Teacher",
      "skill_interests": "Kemahiran Multimedia / Multimedia Skills (contoh: pembangunan video)",
      "other_interests": "Tackle the students from problematic class",
      "planner_score": 84.0,
      "guardian_score": 94.0,
      "mentor_score": 97.0,
      "motivator_score": 92.0,
      "assessor_score": 84.0,
      "series_completed": null,
      "current_feedback": 15,
      "cluster": 0
    }
  },
  {
    "model": "main.learnermodel",
    "pk": 19,
    "fields": {
      "user": [
        "g-49194681"
      ],
      "full_name": "LAU KAH HO",
      "school_level": "Sekolah Kebangsaan / National Primary School",
      "years_of_experience": 12.5,
      "role": "Guru Akademik Biasa / Academic Teacher, Ketua Panitia / Panel Head",
      "skill_interests": "Kemahiran Mengajar / Teaching Skills, Bimbingan & Pementoran / Coaching & Mentoring, Kepimpinan / Leadership, Kemahiran Digital / Digital Skills (contoh: aplikasi Microsoft Word/Excel/PowerPoint dan Google Doc/Sheet/Slide), Kemahiran Multimedia / Multimedia Skills (contoh: pembangunan video)",
      "other_interests": "nan",
      "planner_score": 97.0,
      "guardian_score": 92.0,
      "mentor_score": 84.0,
      "motivator_score": 82.0,
      "assessor_score": 88.0,
      "series_completed": null,
      "current_feedback": 16,
      "cluster": 0
    }
  },
  {
    "model": "main.learnermodel",
    "pk": 20,
    "fields": {
      "user": [
        "margaretng"
      ],
      "full_name": "Margaret Ng",
      "school_level": "Sekolah Kebangsaan / National Primary School",
      "years_of_experience": 0.5,
      "role": "Guru Akademik Biasa / Academic Teacher",
      "skill_interests": "Kemahiran Mengajar / Teaching Skills, Bimbingan & Pementoran / Coaching & Mentoring, Kepimpinan / Leadership, Kemahiran Digital / Digital Skills (contoh: aplikasi Microsoft Word/Excel/PowerPoint dan Google Doc/Sheet/Slide), Kemahiran Multimedia / Multimedia Skills (contoh: pembangunan video)",
      "other_interests": "nan",
      "planner_score": 9.0,
      "guardian_score": 12.0,
      "mentor_score": 17.0,
      "motivator_score": 17.0,
      "assessor_score": 16.0,
      "series_completed": null,
      "current_feedback": 17,
      "cluster": 0
    }
  },
  {
    "model": "main.learnermodel",
    "pk": 21,
    "fields": {
      "user": [
        "nurhamimi.rohimi2022"
      ],
      "full_name": "Nurhamimi Atirah Rohimi ",
      "school_level": "Sekolah Kebangsaan / National Primary School",
      "years_of_experience": 0.5,
      "role": "Rakan guru ",
      "skill_interests": "Kemahiran Mengajar / Teaching Skills, Bimbingan & Pementoran / Coaching & Mentoring, Kepimpinan / Leadership, Kemahiran Digital / Digital Skills (contoh: aplikasi Microsoft Word/Excel/PowerPoint dan Google Doc/Sheet/Slide), Kemahiran Multimedia / Multimedia Skills (contoh: pembangunan video)",
      "other_interests": "Na",
      "planner_score": 12.0,
      "guardian_score": 13.0,
      "mentor_score": 23.0,
      "motivator_score": 15.0,
      "assessor_score": 0.0,
      "series_completed": null,
      "current_feedback": 18,
      "cluster": 0
    }
  },
  {
    "model": "main.learnermodel",
    "pk": 22,
    "fields": {
      "user": [
        "emilyfamjq"
      ],
      "full_name": "Fam Jia Qian",
      "school_level": "Sekolah Kebangsaan / National Primary School",
      "years_of_experience": 0.5,
      "role": "Guru Akademik Biasa / Academic Teacher",
      "skill_interests": "Kepimpinan / Leadership, Kemahiran Digital / Digital Skills (contoh: aplikasi Microsoft Word/Excel/PowerPoint dan Google Doc/Sheet/Slide), Kemahiran Multimedia / Multimedia Skills (contoh: pembangunan video)",
      "other_interests": "nan",
      "planner_score": 10.0,
      "guardian_score": 8.0,
      "mentor_score": 10.0,
      "motivator_score": 1.0,
      "assessor_score": 20.0,
      "series_completed": null,
      "current_feedback": 19,
      "cluster": 0
    }
  },
  {
    "model": "main.learnermodel",
    "pk": 23,
    "fields": {
      "user": [
        "g-65523807"
      ],
      "full_name": "MUHAMAD FADZIMI IMRAN BIN MUHAMAD",
      "school_level": "Sekolah Kebangsaan / National Primary School",
      "years_of_experience": 3.0,
      "role": "Guru Akademik Biasa / Academic Teacher",
      "skill_interests": "Kemahiran Mengajar / Teaching Skills, Bimbingan & Pementoran / Coaching & Mentoring, Kepimpinan / Leadership, Kemahiran Digital / Digital Skills (contoh: aplikasi Microsoft Word/Excel/PowerPoint dan Google Doc/Sheet/Slide), Kemahiran Multimedia / Multimedia Skills (contoh: pembangunan video)",
      "other_interests": "nan",
      "planner_score": 18.0,
      "guardian_score": 17.0,
      "mentor_score": 38.0,
      "motivator_score": 22.0,
      "assessor_score": 28.0,
      "series_completed": null,
      "current_feedback": 20,
      "cluster": 0
    }
  },
  {
    "model": "main.learnermodel",
    "pk": 24,
    "fields": {
      "user": [
        "yuiyin0406"
      ],
      "full_name": "KOH YUI YIN",
      "school_level": "Sekolah Kebangsaan / National Primary School",
      "years_of_experience": 0.5,
      "role": "Guru Akademik Biasa / Academic Teacher",
      "skill_interests": "Kemahiran Mengajar / Teaching Skills",
      "other_interests": "nan",
      "planner_score": 2.0,
      "guardian_score": 21.0,
      "mentor_score": 17.0,
      "motivator_score": 13.0,
      "assessor_score": 0.0,
      "series_completed": null,
      "current_feedback": 21,
      "cluster": 0
    }
  },
  {
    "model": "main.learnermodel",
    "pk": 25,
    "fields": {
      "user": [
        "aisyah.mohamadothman"
      ],
      "full_name": "SITI NUR AISYAH BINTI MOHAMAD OTHMAN",
      "school_level": "Sekolah Menengah Kebangsaan / National Secondary School",
      "years_of_experience": 0.5,
      "role": "Guru Akademik Biasa / Academic Teacher",
      "skill_interests": "Kemahiran Mengajar / Teaching Skills, Kemahiran Digital / Digital Skills (contoh: aplikasi Microsoft Word/Excel/PowerPoint dan Google Doc/Sheet/Slide)",
      "other_interests": "nan",
      "planner_score": 4.0,
      "guardian_score": 10.0,
      "mentor_score": 13.0,
      "motivator_score": 14.0,
      "assessor_score": 7.0,
      "series_completed": null,
      "current_feedback": 22,
      "cluster": 0
    }
  },
  {
    "model": "main.learnermodel",
    "pk": 26,
    "fields": {
      "user": [
        "g-42179703"
      ],
      "full_name": "DIVYA ARUMUGAM",
      "school_level": "Sekolah Kebangsaan / National Primary School",
      "years_of_experience": 12.5,
      "role": "Ketua Panitia / Panel Head",
      "skill_interests": "Kemahiran Mengajar / Teaching Skills, Bimbingan & Pementoran / Coaching & Mentoring, Kepimpinan / Leadership, Kemahiran Digital / Digital Skills (contoh: aplikasi Microsoft Word/Excel/PowerPoint dan Google Doc/Sheet/Slide), Kemahiran Multimedia / Multimedia Skills (contoh: pembangunan video)",
      "other_interests": "Project Based Learning ( esp for weak or special kids)",
      "planner_score": 80.0,
      "guardian_score": 87.0,
      "mentor_score": 98.0,
      "motivator_score": 80.0,
      "assessor_score": 100.0,
      "series_completed": null,
      "current_feedback": 23,
      "cluster": 0
    }
  },
  {
    "model": "main.learnermodel",
    "pk": 27,
    "fields": {
      "user": [
        "apraveenraj"
      ],
      "full_name": "A PRAVEEN RAJ A/L ANANDARAJAH",
      "school_level": "Sekolah Menengah Kebangsaan / National Secondary School",
      "years_of_experience": 8.0,
      "role": "Guru Akademik Biasa / Academic Teacher",
      "skill_interests": "Kemahiran Mengajar / Teaching Skills, Kemahiran Digital / Digital Skills (contoh: aplikasi Microsoft Word/Excel/PowerPoint dan Google Doc/Sheet/Slide), Kemahiran Multimedia / Multimedia Skills (contoh: pembangunan video)",
      "other_interests": "Kajian Tindakan dan Inovasi dalam Pendidikan",
      "planner_score": 45.0,
      "guardian_score": 53.0,
      "mentor_score": 78.0,
      "motivator_score": 65.0,
      "assessor_score": 60.0,
      "series_completed": null,
      "current_feedback": 24,
      "cluster": 0
    }
  },
  {
    "model": "main.learnermodel",
    "pk": 28,
    "fields": {
      "user": [
        "csivachan"
      ],
      "full_name": "SIVAGAMY A/P CHANDRAN",
      "school_level": "Sekolah Menengah Kebangsaan / National Secondary School",
      "years_of_experience": 3.0,
      "role": "Guru Akademik Biasa / Academic Teacher",
      "skill_interests": "Kemahiran Mengajar / Teaching Skills, Bimbingan & Pementoran / Coaching & Mentoring, Kepimpinan / Leadership, Kemahiran Digital / Digital Skills (contoh: aplikasi Microsoft Word/Excel/PowerPoint dan Google Doc/Sheet/Slide), Kemahiran Multimedia / Multimedia Skills (contoh: pembangunan video)",
      "other_interests": "MATERIALS DEVELOPMENT",
      "planner_score": 16.0,
      "guardian_score": 44.0,
      "mentor_score": 4.0,
      "motivator_score": 31.0,
      "assessor_score": 37.0,
      "series_completed": null,
      "current_feedback": 25,
      "cluster": 0
    }
  },
  {
    "model": "main.track",
    "pk": 1,
    "fields": {
      "title": "teaching"
    }
  },
  {
    "model": "main.track",
    "pk": 2,
    "fields": {
      "title": "leadership"
    }
  },
  {
    "model": "main.track",
    "pk": 3,
    "fields": {
      "title": "multimedia"
    }
  },
  {
    "model": "main.track",
    "pk": 4,
    "fields": {
      "title": "coaching"
    }
  },
  {
    "model": "main.track",
    "pk": 5,
    "fields": {
      "title": "digital"
    }
  },
  {
    "model": "main.series",
    "pk": 15,
    "fields": {
      "title": "In the classroom",
      "track": 1,
      "track_order": 1,
      "primary_level": true,
      "secondary_level": true,
      "admin_level": true
    }
  },
  {
    "model": "main.series",
    "pk": 16,
    "fields": {
      "title": "Play ideas ",
      "track": 1,
      "track_order": 2,
      "primary_level": true,
      "secondary_level": false,
      "admin_level": false
    }
  },
  {
    "model": "main.series",
    "pk": 17,
    "fields": {
      "title": "Collaborative learning",
      "track": 1,
      "track_order": 3,
      "primary_level": true,
      "secondary_level": true,
      "admin_level": false
    }
  },
  {
    "model": "main.series",
    "pk": 18,
    "fields": {
      "title": "CikguSpeaks",
      "track": 2,
      "track_order": 1,
      "primary_level": true,
      "secondary_level": true,
      "admin_level": true
    }
  },
  {
    "model": "main.series",
    "pk": 19,
    "fields": {
      "title": "Presentations",
      "track": 3,
      "track_order": 1,
      "primary_level": true,
      "secondary_level": true,
      "admin_level": true
    }
  },
  {
    "model": "main.series",
    "pk": 20,
    "fields": {
      "title": "Project based learning",
      "track": 1,
      "track_order": 4,
      "primary_level": false,
      "secondary_level": true,
      "admin_level": false
    }
  },
  {
    "model": "main.series",
    "pk": 21,
    "fields": {
      "title": "Struggling students",
      "track": 4,
      "track_order": 1,
      "primary_level": true,
      "secondary_level": true,
      "admin_level": true
    }
  },
  {
    "model": "main.series",
    "pk": 22,
    "fields": {
      "title": "Building confidence",
      "track": 1,
      "track_order": 5,
      "primary_level": true,
      "secondary_level": true,
      "admin_level": true
    }
  },
  {
    "model": "main.series",
    "pk": 23,
    "fields": {
      "title": "Student engagement",
      "track": 3,
      "track_order": 2,
      "primary_level": true,
      "secondary_level": true,
      "admin_level": true
    }
  },
  {
    "model": "main.series",
    "pk": 24,
    "fields": {
      "title": "Holistic learning",
      "track": 2,
      "track_order": 2,
      "primary_level": true,
      "secondary_level": true,
      "admin_level": true
    }
  },
  {
    "model": "main.series",
    "pk": 25,
    "fields": {
      "title": "Data driven assessments",
      "track": 5,
      "track_order": 1,
      "primary_level": true,
      "secondary_level": true,
      "admin_level": true
    }
  },
  {
    "model": "main.series",
    "pk": 26,
    "fields": {
      "title": "Google drive demystified",
      "track": 5,
      "track_order": 2,
      "primary_level": true,
      "secondary_level": true,
      "admin_level": true
    }
  },
  {
    "model": "main.series",
    "pk": 27,
    "fields": {
      "title": "Powerpoint demystified",
      "track": 5,
      "track_order": 3,
      "primary_level": true,
      "secondary_level": true,
      "admin_level": true
    }
  },
  {
    "model": "main.series",
    "pk": 28,
    "fields": {
      "title": "Student mental health",
      "track": 4,
      "track_order": 2,
      "primary_level": true,
      "secondary_level": true,
      "admin_level": true
    }
  },
  {
    "model": "main.video",
    "pk": 1,
    "fields": {
      "title": "Persepsi Gen-Z Terhadap Guru ft. Cikgu Anud",
      "tags": "genz, teacher perception",
      "description": "",
      "url": "https://www.youtube.com/embed/ywyB-Iec0C4",
      "series": null,
      "series_order": 0
    }
  },
  {
    "model": "main.video",
    "pk": 2,
    "fields": {
      "title": "It's time for CikguSpeaks!",
      "tags": "cikguspeaks",
      "description": "",
      "url": "https://www.youtube.com/embed/is5MVZeiju8",
      "series": null,
      "series_order": 0
    }
  },
  {
    "model": "main.video",
    "pk": 3,
    "fields": {
      "title": "What makes a good teacher great?",
      "tags": "tedx, teaching skills",
      "description": "",
      "url": "https://www.youtube.com/embed/vrU6YJle6Q4",
      "series": null,
      "series_order": 0
    }
  },
  {
    "model": "main.video",
    "pk": 5,
    "fields": {
      "title": "Lofi",
      "tags": "lofi",
      "description": "LOFIID",
      "url": "https://www.youtube.com/embed/n61ULEU7CO0",
      "series": null,
      "series_order": 0
    }
  },
  {
    "model": "main.video",
    "pk": 6,
    "fields": {
      "title": "An Introduction",
      "tags": "primary,secondary,admin,",
      "description": "In the Classroom \nis a series of episode that \nshares classroom \npedagogical \nideas based on students' \nneeds.",
      "url": "https://www.youtube.com/embed/nASvIgSOCxw",
      "series": 15,
      "series_order": 1
    }
  },
  {
    "model": "main.video",
    "pk": 7,
    "fields": {
      "title": "Setting Students for Success through a SEL Focused Lesson Plan",
      "tags": "primary,secondary,admin,",
      "description": "nan",
      "url": "https://www.youtube.com/embed/Zgu7TfDCtIQ",
      "series": 15,
      "series_order": 2
    }
  },
  {
    "model": "main.video",
    "pk": 8,
    "fields": {
      "title": "Differentiated Learning: Teaching Children of Different Levels",
      "tags": "primary,secondary,admin,",
      "description": "nan",
      "url": "https://www.youtube.com/embed/h7-D3gi2lL8",
      "series": 15,
      "series_order": 3
    }
  },
  {
    "model": "main.video",
    "pk": 9,
    "fields": {
      "title": "How Routines can Overcome Behavior Issues",
      "tags": "primary,secondary,admin,",
      "description": "nan",
      "url": "https://www.youtube.com/embed/ziJ0SFzBxOw",
      "series": 15,
      "series_order": 4
    }
  },
  {
    "model": "main.video",
    "pk": 10,
    "fields": {
      "title": "Choiceboard: A Strategy to Increase Children's Autonomy",
      "tags": "primary,secondary,admin,",
      "description": "nan",
      "url": "https://www.youtube.com/embed/k70XFYwxUrw",
      "series": 15,
      "series_order": 5
    }
  },
  {
    "model": "main.video",
    "pk": 11,
    "fields": {
      "title": "Reward Chart",
      "tags": "primary,secondary,admin,",
      "description": "nan",
      "url": "https://www.youtube.com/embed/kc2pIBUytwo",
      "series": 15,
      "series_order": 6
    }
  },
  {
    "model": "main.video",
    "pk": 12,
    "fields": {
      "title": "Parking Lot",
      "tags": "primary,secondary,admin,",
      "description": "nan",
      "url": "https://www.youtube.com/embed/3x_tLardR2Y",
      "series": 15,
      "series_order": 7
    }
  },
  {
    "model": "main.video",
    "pk": 13,
    "fields": {
      "title": "An Introduction",
      "tags": "primary,",
      "description": "To define play ideas.\nTo introduce strategies to promote language acquisition, communication skills, and concentration through games.",
      "url": "https://www.youtube.com/embed/YYfDFfmAufY",
      "series": 16,
      "series_order": 1
    }
  },
  {
    "model": "main.video",
    "pk": 14,
    "fields": {
      "title": "This or That",
      "tags": "primary,",
      "description": "This episode shows how teachers can use This or That in the classroom to help students build connections with one another, promote a higher order thinking skill, and boost their moods.",
      "url": "https://www.youtube.com/embed/Rvk-pZo0Nm4",
      "series": 16,
      "series_order": 2
    }
  },
  {
    "model": "main.video",
    "pk": 15,
    "fields": {
      "title": "Simon Says",
      "tags": "primary,",
      "description": "This episode shows how teachers can use Simon Says in the classroom to boost students' moods and engage their motor skills.",
      "url": "https://www.youtube.com/embed/w1EBjb4g8CA",
      "series": 16,
      "series_order": 3
    }
  },
  {
    "model": "main.video",
    "pk": 16,
    "fields": {
      "title": "Truth or Dare",
      "tags": "primary,",
      "description": "This episode shows how teachers can use Truth or Dare in the classroom to",
      "url": "https://www.youtube.com/embed/VpyCJnJsko0",
      "series": 16,
      "series_order": 4
    }
  },
  {
    "model": "main.video",
    "pk": 17,
    "fields": {
      "title": "An Introduction",
      "tags": "primary,secondary,",
      "description": "1. To define collaborative learning.\n\n2. To introduce strategies of collaborative learning that promote critical thinking and problem-solving skills.",
      "url": "https://www.youtube.com/embed/rWEwv_qobpU",
      "series": 17,
      "series_order": 1
    }
  },
  {
    "model": "main.video",
    "pk": 18,
    "fields": {
      "title": "Jigsaw Method",
      "tags": "primary,secondary,",
      "description": "To teach teachers how to use Jigsaw Method in the classroom to promote collaboration among students of different backgrounds.",
      "url": "https://www.youtube.com/embed/mtm5_w6JthA",
      "series": 17,
      "series_order": 2
    }
  },
  {
    "model": "main.video",
    "pk": 19,
    "fields": {
      "title": "Think-pair-share",
      "tags": "primary,secondary,",
      "description": "This video shows a classroom teacher using the think, pair, share (turn and talk)  technique during a math lesson, demonstrating the powerful way to incorporate thinking \"wait time\" and oral language across subjects.",
      "url": "https://www.youtube.com/embed/tPSfolz_700",
      "series": 17,
      "series_order": 3
    }
  },
  {
    "model": "main.video",
    "pk": 20,
    "fields": {
      "title": "Agreement Circles",
      "tags": "primary,secondary,",
      "description": "nan",
      "url": "https://www.youtube.com/embed/kWMa1xU3Ito",
      "series": 17,
      "series_order": 4
    }
  },
  {
    "model": "main.video",
    "pk": 21,
    "fields": {
      "title": "Teaching: Not a Top Career Choice for Gen-Zs",
      "tags": "primary,secondary,admin,",
      "description": "nan",
      "url": "https://www.youtube.com/embed/RUvIQJo2j5g",
      "series": 18,
      "series_order": 1
    }
  },
  {
    "model": "main.video",
    "pk": 22,
    "fields": {
      "title": "Malaysian Teacher's First Day At School",
      "tags": "primary,secondary,admin,",
      "description": "nan",
      "url": "https://www.youtube.com/embed/EGWYZ6-7yzc",
      "series": 18,
      "series_order": 2
    }
  },
  {
    "model": "main.video",
    "pk": 23,
    "fields": {
      "title": "Malaysian Teacher' Teaches Math in Myanmar",
      "tags": "primary,secondary,admin,",
      "description": "nan",
      "url": "https://www.youtube.com/embed/U2jrKRRAruc",
      "series": 18,
      "series_order": 3
    }
  },
  {
    "model": "main.video",
    "pk": 24,
    "fields": {
      "title": "Malaysia Teacher Gone Viral",
      "tags": "primary,secondary,admin,",
      "description": "nan",
      "url": "https://www.youtube.com/embed/Y6XEmqlETaU",
      "series": 18,
      "series_order": 4
    }
  },
  {
    "model": "main.video",
    "pk": 25,
    "fields": {
      "title": "How Much Should A Teacher Spend on Students?",
      "tags": "primary,secondary,admin,",
      "description": "nan",
      "url": "https://www.youtube.com/embed/JsAL5PS9tqE",
      "series": 18,
      "series_order": 5
    }
  },
  {
    "model": "main.video",
    "pk": 26,
    "fields": {
      "title": "How to Start a Class Presentation : Teacher & Student Communication",
      "tags": "primary,secondary,admin,",
      "description": "Not everyone enjoys speaking in front of a group. Find out how to effectively start a class presentation with help from a communications professional in this free video clip.",
      "url": "https://www.youtube.com/embed/xzBoWzvMAIw",
      "series": 19,
      "series_order": 1
    }
  },
  {
    "model": "main.video",
    "pk": 27,
    "fields": {
      "title": "How to start a presentation",
      "tags": "primary,secondary,admin,",
      "description": "How to start a presentation is just as important as the ending of one. The opening or beginning of your speech often determines how long the audience will tune in to your presentation. If you bore your audience right from the start, you already lost them. You need a strong intro or a strong opening line to grab the attention from the very beginning.",
      "url": "https://www.youtube.com/embed/LrjlW00kkws",
      "series": 19,
      "series_order": 2
    }
  },
  {
    "model": "main.video",
    "pk": 28,
    "fields": {
      "title": "The 3 Magic Ingredients of Amazing Presentations | Phil WAKNELL | TEDxSaclay",
      "tags": "primary,secondary,admin,",
      "description": "Why are most presentations so boring and ineffective? And why are TED talks the exceptions that prove the rule? Over the last ten years, as a specialist in high-impact presentations, Phil Waknell has saved thousands of audiences from a painful death by boredom or bullet-points. In this short and entertaining talk, he distills all this experience into the three magic ingredients of successful presentations, and shares a simple but powerful technique to understand your real objectives, work out what to say to achieve them, and formulate those ideas into a compelling narrative. No magic wand required! After watching this talk, you'll never think of presentations the same way again... Phil Waknell is a leading expert in the art of presenting, and the author of The Business Presentation Revolution. As Chief Inspiration Officer at Ideas on Stage, the global presentation specialists, Phil helps business leaders, entrepreneurs and TED(x) speakers to imagine, prepare and deliver high-impact talks that transform their audiences. Phil has taught business communication at HEC Paris Executive Education since 2010, and has coached TEDxSaclay speakers since the very first edition. This talk was given at a TEDx event using the TED conference format but independently organized by a local community. ",
      "url": "https://www.youtube.com/embed/yoD8RMq2OkU",
      "series": 19,
      "series_order": 3
    }
  },
  {
    "model": "main.video",
    "pk": 29,
    "fields": {
      "title": "Project-based learning in the classroom - 9 Amazing apps for PBL",
      "tags": "secondary,",
      "description": "PBL or project-based learning is an active learning method in which students identify a real-world problem and develop a solution for it. Students work on a bigger project. They investigate and respond to an engaging or complex question, problem or challenge.",
      "url": "https://www.youtube.com/embed/YtUwOanzkfk",
      "series": 20,
      "series_order": 1
    }
  },
  {
    "model": "main.video",
    "pk": 30,
    "fields": {
      "title": "Project Based Learning: Why, How, and Examples",
      "tags": "secondary,",
      "description": "Project based learning, PBL, is explained in full detail with examples and instructions for implementation. Teachers, educators, administrators, students, and more will develop a better understand of project based learning. This video is designed to help people get an deeper understanding than typical overview videos. The video begins with a description of why Project based learning is so important for students and in education in general. PBL can be used by teachers various disciplines. Some of the important reasons for using projects in your classroom such as allowing students to develop communication skills, utlilize 21st century life skills, become engage with the content, and share their projects with others in a public matter. The video also provides specific examples of projects that have been used by different teachers. The examples also include some of my favorite projects that I have created over the years. The projects are from different grade levels including algebra, social studies, and science classes. The video also presents the four different steps that will allow educators to implement project based learning. It begins with a driving question, an inquiry into the question, finding a solution, and presenting the material. This video is part of a google for education certified educator playlist where teachers look to earn google certificates and expand their career through professional development.",
      "url": "https://www.youtube.com/embed/EuzgJlqzjFw",
      "series": 20,
      "series_order": 2
    }
  },
  {
    "model": "main.video",
    "pk": 31,
    "fields": {
      "title": "Bringing Identity Work to Project-Based Learning",
      "tags": "secondary,",
      "description": "As they emerged from the difficulties of the past few years, these students combined humanities, STEM, and the arts in a project that celebrated their identities as individuals and as a community.",
      "url": "https://www.youtube.com/embed/D6wj0sPxu3c",
      "series": 20,
      "series_order": 3
    }
  },
  {
    "model": "main.video",
    "pk": 32,
    "fields": {
      "title": "High School Teachers Meet the Challenges of PBL Implementation",
      "tags": "secondary,",
      "description": "Teachers at Sammamish High School in Washington share their difficulties and triumphs as their school moves from traditional delivery of instruction to schoolwide problem-based learning.",
      "url": "https://www.youtube.com/embed/nMCCLB9gOag",
      "series": 20,
      "series_order": 4
    }
  },
  {
    "model": "main.video",
    "pk": 33,
    "fields": {
      "title": "5 Keys to Rigorous Project-Based Learning",
      "tags": "secondary,",
      "description": "Well-designed project-based learning (PBL) has been shown to result in deeper learning and more engaged, self-directed learners.",
      "url": "https://www.youtube.com/embed/hnzCGNnU_WM",
      "series": 20,
      "series_order": 5
    }
  },
  {
    "model": "main.video",
    "pk": 34,
    "fields": {
      "title": "How to help struggling students",
      "tags": "primary,secondary,admin,",
      "description": "Crescendo Education Group CEO Joe Feldman joins ABC 10News to talk about traditional grading at schools.",
      "url": "https://www.youtube.com/embed/JhGlpNi6xs4",
      "series": 21,
      "series_order": 1
    }
  },
  {
    "model": "main.video",
    "pk": 35,
    "fields": {
      "title": "How Do Teachers Change Lives?",
      "tags": "primary,secondary,admin,",
      "description": "We asked some students, and this is what they told us.",
      "url": "https://www.youtube.com/embed/omf9mPTHP9M",
      "series": 21,
      "series_order": 2
    }
  },
  {
    "model": "main.video",
    "pk": 36,
    "fields": {
      "title": "Teacher Explains How to Reach Difficult Students as an Educator",
      "tags": "primary,secondary,admin,",
      "description": "Teacher Angela Nichols shares her strategies for reaching difficult students. We learn that each child will not be reached in the same way, and each will not share the same experience with us. Challenging students require a different approach, and are often the result of poor learning or academic skills.",
      "url": "https://www.youtube.com/embed/PwFalMG_NoE",
      "series": 21,
      "series_order": 3
    }
  },
  {
    "model": "main.video",
    "pk": 37,
    "fields": {
      "title": "5 Ways to Handle Defiant Students in the Classroom",
      "tags": "primary,secondary,admin,",
      "description": "Defiant students are USUALLY defiant for a reason. Not only does classroom management & teaching strategies play into managing the defiant student, but loving and understanding them.",
      "url": "https://www.youtube.com/embed/S8-fKGDurg4",
      "series": 21,
      "series_order": 4
    }
  },
  {
    "model": "main.video",
    "pk": 38,
    "fields": {
      "title": "How to Get Classroom Confidence as a Beginner Teacher",
      "tags": "primary,secondary,admin,",
      "description": "If youre a Beginning Teacher and the nerves are starting to creep in, then this video is for you... Find out what you need to do BEFORE you step foot in a #classroom this year to be a #confident and successful #teaching professional.",
      "url": "https://www.youtube.com/embed/2y_n_JOTGTk",
      "series": 22,
      "series_order": 1
    }
  },
  {
    "model": "main.video",
    "pk": 39,
    "fields": {
      "title": "Teacher Confidence: 10 Tips to give you Maximum Confidence",
      "tags": "primary,secondary,admin,",
      "description": "Teacher Confidence. How to be a more confident teacher. How to be more confident.",
      "url": "https://www.youtube.com/embed/L7QlT4rgxV0",
      "series": 22,
      "series_order": 2
    }
  },
  {
    "model": "main.video",
    "pk": 40,
    "fields": {
      "title": "How to be confident as new Teacher #Teacherdemo #improveconfidence",
      "tags": "primary,secondary,admin,",
      "description": "Hi Everyone ,how to be confident as new teacher In this video i shared 10 tips for new teachers.I hope you will like the video",
      "url": "https://www.youtube.com/embed/G7RAtZ5QIjU",
      "series": 22,
      "series_order": 3
    }
  },
  {
    "model": "main.video",
    "pk": 41,
    "fields": {
      "title": "Building your confidence as a teacher - Penny Ur - Cambridge Live",
      "tags": "primary,secondary,admin,",
      "description": "This workshop with Penny Ur starts with a brief discussion on what confidence as a teacher actually means, in practice. She then share experiences of her own, as well as some from Cambridge Live participants, that have contributed to our sense of self-worth and agency as the basis for professional confidence. Finally, Penny presents a series of tips on building teacher confidence.",
      "url": "https://www.youtube.com/embed/ibZGW3QZgjE",
      "series": 22,
      "series_order": 4
    }
  },
  {
    "model": "main.video",
    "pk": 42,
    "fields": {
      "title": "Creating Student Engagement | Teacher Vlog",
      "tags": "primary,secondary,admin,",
      "description": "Change does not have to come in big doses. There are small shifts you can make to your existing lesson plans that can have a huge impact on your classes.",
      "url": "https://www.youtube.com/embed/QziBaHiqADo",
      "series": 23,
      "series_order": 1
    }
  },
  {
    "model": "main.video",
    "pk": 43,
    "fields": {
      "title": "10 Strategies & Tips to Increase Student Engagement",
      "tags": "primary,secondary,admin,",
      "description": "Get students more involved with every single lesson when you encourage and build their interest with these engagement techniques! Hopefully, one of them here helps in your classroom!",
      "url": "https://www.youtube.com/embed/Q5tdBOg8kus",
      "series": 23,
      "series_order": 2
    }
  },
  {
    "model": "main.video",
    "pk": 44,
    "fields": {
      "title": "Student Engagement Through a Different Lens | Candy Suiso | TEDxFargo",
      "tags": "primary,secondary,admin,",
      "description": "Beautiful beaches, stunning sunsets and extremely engaged students. The perfect environment for learning happens at Waianae High School on the island of Oahu, Hawaii. A rural public school that ranked at the bottom of nearly every academic report for the last few decades. How is it done? This talk tells a success story about looking at students' engagement through a different lens. As Program Director for Wai`anae High School - Searider Productions, Candy Suiso oversees one of the most innovative Creative Media programs in the state of Hawaii.  Searider Productions is an integrated program on the island of Oahu that integrates photography, video production, journalism, and graphic arts.  Currently, she is focused on increasing the number of commercial and professional projects in which students participate.  She also oversees fundraising initiatives, and has successfully spearheaded efforts securing state, federal, and private grants. Candy grew up in Makaha, Hawaii - graduated from Wai`anae High School, received her B.A. in Liberal Arts from the University of Northern Iowa and teaching certificate from Chaminade University of Honolulu,  In 1999, she received a prestigious National Educator Award from the Milken Family Foundation.  She began her teaching career using a VHS video camera as a Spanish teacher at Wai`anae High before starting Searider Productions in 1993.",
      "url": "https://www.youtube.com/embed/rbTylVjogiI",
      "series": 23,
      "series_order": 3
    }
  },
  {
    "model": "main.video",
    "pk": 45,
    "fields": {
      "title": "4 Tips to Boost Student Engagement When Teaching Math",
      "tags": "primary,secondary,admin,",
      "description": "Are you looking to boost student engagement during your math block? Then this video is for you! I share 4 ideas to help boost engagement when teaching math!",
      "url": "https://www.youtube.com/embed/Ob28TlT1XVU",
      "series": 23,
      "series_order": 4
    }
  },
  {
    "model": "main.video",
    "pk": 46,
    "fields": {
      "title": "What does 'Holistic Learning' mean for students?",
      "tags": "primary,secondary,admin,",
      "description": "Holistic learning is the future for higher education. It is an alternative to the archaic way of learning by manually indexing through a wide variety of physical content. Holistic learning enables students to find a personalised learning pathway through a huge database of higher education content aggregated from etextbooks, digital monographs, open educational resources, lecture notes and other course materials.",
      "url": "https://www.youtube.com/embed/2aFIfCwSEnc",
      "series": 24,
      "series_order": 1
    }
  },
  {
    "model": "main.video",
    "pk": 47,
    "fields": {
      "title": "Holistic Education",
      "tags": "primary,secondary,admin,",
      "description": "Maine Coast Waldorf School develops curious, confident, well-rounded students by engaging their hands, their hearts and their minds.",
      "url": "https://www.youtube.com/embed/poV62yiV0d4",
      "series": 24,
      "series_order": 2
    }
  },
  {
    "model": "main.video",
    "pk": 48,
    "fields": {
      "title": "Waldorf Education: What is holistic learning?",
      "tags": "primary,secondary,admin,",
      "description": "Founded in the early 20th century, Waldorf education is based on the insights, teachings and principles of education outlined by the world renowned artist, and scientist, Rudolf Steiner. The principles of Waldorf education evolve from an understanding of human development that address the needs of the growing child. Waldorf schools integrate the arts in all academic disciplines for children from preschool through twelfth grade to enhance and enrich learning. Waldorf education aims to inspire life-long learning in all students and to enable them to fully develop their unique capacities.",
      "url": "https://www.youtube.com/embed/3s9uqy3T9FY",
      "series": 24,
      "series_order": 3
    }
  },
  {
    "model": "main.video",
    "pk": 49,
    "fields": {
      "title": "Holistic.Education.Overview",
      "tags": "primary,secondary,admin,",
      "description": "nan",
      "url": "https://www.youtube.com/embed/iAGcUe-1cDE",
      "series": 24,
      "series_order": 4
    }
  },
  {
    "model": "main.video",
    "pk": 50,
    "fields": {
      "title": "Data-Driven is STUDENT-CENTERED: Collecting Meaningful Data",
      "tags": "primary,secondary,admin,",
      "description": "Collecting Meaningful Data",
      "url": "https://www.youtube.com/embed/mCLuH4a201g",
      "series": 25,
      "series_order": 1
    }
  },
  {
    "model": "main.video",
    "pk": 51,
    "fields": {
      "title": "Using Data to Improve Instruction",
      "tags": "primary,secondary,admin,",
      "description": "nan",
      "url": "https://www.youtube.com/embed/Z87404xmnqs",
      "series": 25,
      "series_order": 2
    }
  },
  {
    "model": "main.video",
    "pk": 52,
    "fields": {
      "title": "Data-Driven Instruction: Leading Analysis Meetings",
      "tags": "primary,secondary,admin,",
      "description": "Jesse Rector and Paul Chin show that just diagnosing the error is not enough: you need specific action plans that target students' weaknesses.",
      "url": "https://www.youtube.com/embed/mUd5VJbuD5M",
      "series": 25,
      "series_order": 3
    }
  },
  {
    "model": "main.video",
    "pk": 53,
    "fields": {
      "title": "What's So Great About Data Driven Instruction?",
      "tags": "primary,secondary,admin,",
      "description": "Mark Adato talks about the absolute importance of using data in the classroom to help fuel instruction.",
      "url": "https://www.youtube.com/embed/KxFG9I8QbcU",
      "series": 25,
      "series_order": 4
    }
  },
  {
    "model": "main.video",
    "pk": 54,
    "fields": {
      "title": "How does teacher use of student assessment data change instructional practice?",
      "tags": "primary,secondary,admin,",
      "description": "Educators and testing professionals are asked \"How does teacher use of student assessment data change instructional?\"",
      "url": "https://www.youtube.com/embed/ziky7Br8PtY",
      "series": 25,
      "series_order": 5
    }
  },
  {
    "model": "main.video",
    "pk": 55,
    "fields": {
      "title": "5 Best Google Drive Features for Teachers",
      "tags": "primary,secondary,admin,",
      "description": "nan",
      "url": "https://www.youtube.com/embed/d8swJF17PN4",
      "series": 26,
      "series_order": 1
    }
  },
  {
    "model": "main.video",
    "pk": 56,
    "fields": {
      "title": "Google Drive for Beginners - The Complete Course - Including Docs, Sheets, Forms, and Slides",
      "tags": "primary,secondary,admin,",
      "description": "In this comprehensive video, you'll learn how to use Google Drive to create, backup, manage, and find your files. You'll also learn how to use the four essential Google Drive apps: Google Docs, Google Sheets, Google Forms, and Google Slides.",
      "url": "https://www.youtube.com/embed/h9UrHBzw0H8",
      "series": 26,
      "series_order": 2
    }
  },
  {
    "model": "main.video",
    "pk": 57,
    "fields": {
      "title": "Organize Your Teacher Google Drive",
      "tags": "primary,secondary,admin,",
      "description": "If your Google Drive is a mess, all is not lost!  In this video, we show you how to get it organized, even if you've accumulated years of unorganized folders and files.",
      "url": "https://www.youtube.com/embed/joppkuOW-ac",
      "series": 26,
      "series_order": 3
    }
  },
  {
    "model": "main.video",
    "pk": 58,
    "fields": {
      "title": "4 Quick Tips to Make an Engaging PowerPoint Presentation [Made for Teachers]",
      "tags": "primary,secondary,admin,",
      "description": "Here're 4 quick tips on how to make engaging PowerPoint presentations by adding hyperlinks, animations, transitions, interactive quizzes, and annotations to your slides.",
      "url": "https://www.youtube.com/embed/0nH1ospwJd4",
      "series": 27,
      "series_order": 1
    }
  },
  {
    "model": "main.video",
    "pk": 59,
    "fields": {
      "title": "My Weekly Classroom PowerPoint Slides TIPS and TUTORIAL! | Mrs. Call Creates",
      "tags": "primary,secondary,admin,",
      "description": "Hey sweet friends! In this video, I'm showing you my weekly powerpoint that I use to organize my day, and I'm giving you a tutorial for how to make your own! I have my Powerpoint kit linked.  open to see more...",
      "url": "https://www.youtube.com/embed/4v9jioyl-JE",
      "series": 27,
      "series_order": 2
    }
  },
  {
    "model": "main.video",
    "pk": 60,
    "fields": {
      "title": "Microsoft PowerPoint Tutorial - Beginners Level 1",
      "tags": "primary,secondary,admin,",
      "description": "Are you new to Microsoft PowerPoint? This video tutorial will walk you through a beginner's guide on how to use PowerPoint 2016. Start making fantastic PowerPoint presentations after watching this video. Click on the timestamps below to jump to different parts of the video.",
      "url": "https://www.youtube.com/embed/u7Tku3_RGPs",
      "series": 27,
      "series_order": 3
    }
  },
  {
    "model": "main.video",
    "pk": 61,
    "fields": {
      "title": "Teacher's \"mental health check in\" for students goes viral",
      "tags": "primary,secondary,admin,",
      "description": "A special education teacher from California made a \"mental health check in\" for her students, and now her lessons in self-care are inspiring educators around the world.",
      "url": "https://www.youtube.com/embed/PgPBRCwVsTw",
      "series": 28,
      "series_order": 1
    }
  },
  {
    "model": "main.video",
    "pk": 62,
    "fields": {
      "title": "Mental Health in Schools: Were Doing it Wrong | Maya Dawson | TEDxYouth@CherryCreek",
      "tags": "primary,secondary,admin,",
      "description": "School counselors are a crucial resource for students, but their services are not accessible for all youth. We are not giving students the language they need to talk about their own mental health, which is keeping them from getting support until they are in crisis. By integrating conversation around mental health into core school curriculum schools will give their students the tools they need for self-advocacy and a healthier lifestyle. \"Maya Dawson is a junior at Conifer High School. She fell in love with storytelling from stories around the dinner table growing up, and now shares her own stories and those of her peers through her schools student paper. She has worked as a Global Youth Reporter with the Team Harmony Foundation and has been published in several papers. Her work focuses on social justice and the challenges faced by todays youth. She hopes to pursue political science or journalism in college- whatever will best let her share the stories of those who are not being heard. When not writing, she runs, plays basketball, and cares for her pet Axolotl (Look up photos... they are fantastic creatures).",
      "url": "https://www.youtube.com/embed/5Hkb6SuGR0g",
      "series": 28,
      "series_order": 2
    }
  },
  {
    "model": "main.video",
    "pk": 63,
    "fields": {
      "title": "Teacher Expectations Vs Reality: On Mental Health | Sydnee Leathers | TEDxOhioStateUniversitySalon",
      "tags": "primary,secondary,admin,",
      "description": "Sydnee Leathers is sharing about mental health for teachers. She discusses the struggle of trying to balance the personal stress of everything that has happened in the last 8 months with the expectations of being a good and present 2nd grade teacher. Sydnee teaches second grade at East Lindon and has had a passion for mental health advocacy since college. She has only been teaching for a few years but has already received recognition for her dedication to teaching and great communication skills. This talk was given at a TEDx event using the TED conference format but independently organized by a local community. Learn more at https://www.ted.com/tedx",
      "url": "https://www.youtube.com/embed/D3DNqRrDm5U",
      "series": 28,
      "series_order": 3
    }
  },
  {
    "model": "main.video",
    "pk": 64,
    "fields": {
      "title": "How can we support the emotional well-being of teachers? | Sydney Jensen",
      "tags": "primary,secondary,admin,",
      "description": "Teachers emotionally support our kids -- but who's supporting our teachers? In this eye-opening talk, educator Sydney Jensen explores how teachers are at risk of \"secondary trauma\" -- the idea that they absorb the emotional weight of their students' experiences -- and shows how schools can get creative in supporting everyone's mental health and wellness.",
      "url": "https://www.youtube.com/embed/OfCLTQhW9GQ",
      "series": 28,
      "series_order": 4
    }
  },
  {
    "model": "main.videoquestion",
    "pk": 1,
    "fields": {
      "video": 1,
      "question": "What are the differences with the new generation of students?",
      "type": "OEQ",
      "possible_answers": null
    }
  },
  {
    "model": "main.videoquestion",
    "pk": 2,
    "fields": {
      "video": 1,
      "question": "How have you struggled with new students?",
      "type": "OEQ",
      "possible_answers": null
    }
  },
  {
    "model": "main.videoquestion",
    "pk": 3,
    "fields": {
      "video": 1,
      "question": "What are the best methods of handling students in the new generation?",
      "type": "OEQ",
      "possible_answers": null
    }
  },
  {
    "model": "main.videoquestion",
    "pk": 4,
    "fields": {
      "video": 1,
      "question": "Based on your experience, which was the easiest generation to teach?",
      "type": "OEQ",
      "possible_answers": null
    }
  },
  {
    "model": "main.videoquestion",
    "pk": 5,
    "fields": {
      "video": 2,
      "question": "What is CikguSpeaks?",
      "type": "OEQ",
      "possible_answers": null
    }
  },
  {
    "model": "main.videoquestion",
    "pk": 6,
    "fields": {
      "video": 2,
      "question": "How excited are you for CikguSpeaks?",
      "type": "MCQ",
      "possible_answers": "Not Excited, Excited, Very Excited!"
    }
  },
  {
    "model": "main.videoquestion",
    "pk": 7,
    "fields": {
      "video": 3,
      "question": "Do you agree with the ted speaker? Why?",
      "type": "OEQ",
      "possible_answers": null
    }
  },
  {
    "model": "main.videoquestion",
    "pk": 8,
    "fields": {
      "video": 3,
      "question": "What were some points he missed out about being a great teacher?",
      "type": "OEQ",
      "possible_answers": null
    }
  },
  {
    "model": "main.videoquestion",
    "pk": 9,
    "fields": {
      "video": 3,
      "question": "Based on his explanation, how good of a teacher do you feel you are?",
      "type": "MCQ",
      "possible_answers": "Very Bad, Bad, Okay, Good, Very Good"
    }
  },
  {
    "model": "main.videoquestion",
    "pk": 16,
    "fields": {
      "video": 1,
      "question": "Test",
      "type": "OEQ",
      "possible_answers": null
    }
  },
  {
    "model": "main.videoquestion",
    "pk": 17,
    "fields": {
      "video": 6,
      "question": "What did you learn from this video?",
      "type": "OEQ",
      "possible_answers": null
    }
  },
  {
    "model": "main.videoquestion",
    "pk": 18,
    "fields": {
      "video": 6,
      "question": "How have you applied these lessons in your classroom in the past?",
      "type": "OEQ",
      "possible_answers": null
    }
  },
  {
    "model": "main.videoquestion",
    "pk": 19,
    "fields": {
      "video": 6,
      "question": "Based on your experience, what would you add to this video?",
      "type": "OEQ",
      "possible_answers": null
    }
  },
  {
    "model": "main.videoquestion",
    "pk": 20,
    "fields": {
      "video": 7,
      "question": "What did you learn from this video?",
      "type": "OEQ",
      "possible_answers": null
    }
  },
  {
    "model": "main.videoquestion",
    "pk": 21,
    "fields": {
      "video": 7,
      "question": "How have you applied these lessons in your classroom in the past?",
      "type": "OEQ",
      "possible_answers": null
    }
  },
  {
    "model": "main.videoquestion",
    "pk": 22,
    "fields": {
      "video": 7,
      "question": "Based on your experience, what would you add to this video?",
      "type": "OEQ",
      "possible_answers": null
    }
  },
  {
    "model": "main.videoquestion",
    "pk": 23,
    "fields": {
      "video": 8,
      "question": "What did you learn from this video?",
      "type": "OEQ",
      "possible_answers": null
    }
  },
  {
    "model": "main.videoquestion",
    "pk": 24,
    "fields": {
      "video": 8,
      "question": "How have you applied these lessons in your classroom in the past?",
      "type": "OEQ",
      "possible_answers": null
    }
  },
  {
    "model": "main.videoquestion",
    "pk": 25,
    "fields": {
      "video": 8,
      "question": "Based on your experience, what would you add to this video?",
      "type": "OEQ",
      "possible_answers": null
    }
  },
  {
    "model": "main.videoquestion",
    "pk": 26,
    "fields": {
      "video": 9,
      "question": "What did you learn from this video?",
      "type": "OEQ",
      "possible_answers": null
    }
  },
  {
    "model": "main.videoquestion",
    "pk": 27,
    "fields": {
      "video": 9,
      "question": "How have you applied these lessons in your classroom in the past?",
      "type": "OEQ",
      "possible_answers": null
    }
  },
  {
    "model": "main.videoquestion",
    "pk": 28,
    "fields": {
      "video": 9,
      "question": "Based on your experience, what would you add to this video?",
      "type": "OEQ",
      "possible_answers": null
    }
  },
  {
    "model": "main.videoquestion",
    "pk": 29,
    "fields": {
      "video": 10,
      "question": "What did you learn from this video?",
      "type": "OEQ",
      "possible_answers": null
    }
  },
  {
    "model": "main.videoquestion",
    "pk": 30,
    "fields": {
      "video": 10,
      "question": "How have you applied these lessons in your classroom in the past?",
      "type": "OEQ",
      "possible_answers": null
    }
  },
  {
    "model": "main.videoquestion",
    "pk": 31,
    "fields": {
      "video": 10,
      "question": "Based on your experience, what would you add to this video?",
      "type": "OEQ",
      "possible_answers": null
    }
  },
  {
    "model": "main.videoquestion",
    "pk": 32,
    "fields": {
      "video": 11,
      "question": "What did you learn from this video?",
      "type": "OEQ",
      "possible_answers": null
    }
  },
  {
    "model": "main.videoquestion",
    "pk": 33,
    "fields": {
      "video": 11,
      "question": "How have you applied these lessons in your classroom in the past?",
      "type": "OEQ",
      "possible_answers": null
    }
  },
  {
    "model": "main.videoquestion",
    "pk": 34,
    "fields": {
      "video": 11,
      "question": "Based on your experience, what would you add to this video?",
      "type": "OEQ",
      "possible_answers": null
    }
  },
  {
    "model": "main.videoquestion",
    "pk": 35,
    "fields": {
      "video": 12,
      "question": "What did you learn from this video?",
      "type": "OEQ",
      "possible_answers": null
    }
  },
  {
    "model": "main.videoquestion",
    "pk": 36,
    "fields": {
      "video": 12,
      "question": "How have you applied these lessons in your classroom in the past?",
      "type": "OEQ",
      "possible_answers": null
    }
  },
  {
    "model": "main.videoquestion",
    "pk": 37,
    "fields": {
      "video": 12,
      "question": "Based on your experience, what would you add to this video?",
      "type": "OEQ",
      "possible_answers": null
    }
  },
  {
    "model": "main.videoquestion",
    "pk": 38,
    "fields": {
      "video": 13,
      "question": "What did you learn from this video?",
      "type": "OEQ",
      "possible_answers": null
    }
  },
  {
    "model": "main.videoquestion",
    "pk": 39,
    "fields": {
      "video": 13,
      "question": "How have you applied these lessons in your classroom in the past?",
      "type": "OEQ",
      "possible_answers": null
    }
  },
  {
    "model": "main.videoquestion",
    "pk": 40,
    "fields": {
      "video": 13,
      "question": "Based on your experience, what would you add to this video?",
      "type": "OEQ",
      "possible_answers": null
    }
  },
  {
    "model": "main.videoquestion",
    "pk": 41,
    "fields": {
      "video": 14,
      "question": "What did you learn from this video?",
      "type": "OEQ",
      "possible_answers": null
    }
  },
  {
    "model": "main.videoquestion",
    "pk": 42,
    "fields": {
      "video": 14,
      "question": "How have you applied these lessons in your classroom in the past?",
      "type": "OEQ",
      "possible_answers": null
    }
  },
  {
    "model": "main.videoquestion",
    "pk": 43,
    "fields": {
      "video": 14,
      "question": "Based on your experience, what would you add to this video?",
      "type": "OEQ",
      "possible_answers": null
    }
  },
  {
    "model": "main.videoquestion",
    "pk": 44,
    "fields": {
      "video": 15,
      "question": "What did you learn from this video?",
      "type": "OEQ",
      "possible_answers": null
    }
  },
  {
    "model": "main.videoquestion",
    "pk": 45,
    "fields": {
      "video": 15,
      "question": "How have you applied these lessons in your classroom in the past?",
      "type": "OEQ",
      "possible_answers": null
    }
  },
  {
    "model": "main.videoquestion",
    "pk": 46,
    "fields": {
      "video": 15,
      "question": "Based on your experience, what would you add to this video?",
      "type": "OEQ",
      "possible_answers": null
    }
  },
  {
    "model": "main.videoquestion",
    "pk": 47,
    "fields": {
      "video": 16,
      "question": "What did you learn from this video?",
      "type": "OEQ",
      "possible_answers": null
    }
  },
  {
    "model": "main.videoquestion",
    "pk": 48,
    "fields": {
      "video": 16,
      "question": "How have you applied these lessons in your classroom in the past?",
      "type": "OEQ",
      "possible_answers": null
    }
  },
  {
    "model": "main.videoquestion",
    "pk": 49,
    "fields": {
      "video": 16,
      "question": "Based on your experience, what would you add to this video?",
      "type": "OEQ",
      "possible_answers": null
    }
  },
  {
    "model": "main.videoquestion",
    "pk": 50,
    "fields": {
      "video": 17,
      "question": "What did you learn from this video?",
      "type": "OEQ",
      "possible_answers": null
    }
  },
  {
    "model": "main.videoquestion",
    "pk": 51,
    "fields": {
      "video": 17,
      "question": "How have you applied these lessons in your classroom in the past?",
      "type": "OEQ",
      "possible_answers": null
    }
  },
  {
    "model": "main.videoquestion",
    "pk": 52,
    "fields": {
      "video": 17,
      "question": "Based on your experience, what would you add to this video?",
      "type": "OEQ",
      "possible_answers": null
    }
  },
  {
    "model": "main.videoquestion",
    "pk": 53,
    "fields": {
      "video": 18,
      "question": "What did you learn from this video?",
      "type": "OEQ",
      "possible_answers": null
    }
  },
  {
    "model": "main.videoquestion",
    "pk": 54,
    "fields": {
      "video": 18,
      "question": "How have you applied these lessons in your classroom in the past?",
      "type": "OEQ",
      "possible_answers": null
    }
  },
  {
    "model": "main.videoquestion",
    "pk": 55,
    "fields": {
      "video": 18,
      "question": "Based on your experience, what would you add to this video?",
      "type": "OEQ",
      "possible_answers": null
    }
  },
  {
    "model": "main.videoquestion",
    "pk": 56,
    "fields": {
      "video": 19,
      "question": "What did you learn from this video?",
      "type": "OEQ",
      "possible_answers": null
    }
  },
  {
    "model": "main.videoquestion",
    "pk": 57,
    "fields": {
      "video": 19,
      "question": "How have you applied these lessons in your classroom in the past?",
      "type": "OEQ",
      "possible_answers": null
    }
  },
  {
    "model": "main.videoquestion",
    "pk": 58,
    "fields": {
      "video": 19,
      "question": "Based on your experience, what would you add to this video?",
      "type": "OEQ",
      "possible_answers": null
    }
  },
  {
    "model": "main.videoquestion",
    "pk": 59,
    "fields": {
      "video": 20,
      "question": "What did you learn from this video?",
      "type": "OEQ",
      "possible_answers": null
    }
  },
  {
    "model": "main.videoquestion",
    "pk": 60,
    "fields": {
      "video": 20,
      "question": "How have you applied these lessons in your classroom in the past?",
      "type": "OEQ",
      "possible_answers": null
    }
  },
  {
    "model": "main.videoquestion",
    "pk": 61,
    "fields": {
      "video": 20,
      "question": "Based on your experience, what would you add to this video?",
      "type": "OEQ",
      "possible_answers": null
    }
  },
  {
    "model": "main.videoquestion",
    "pk": 62,
    "fields": {
      "video": 21,
      "question": "What did you learn from this video?",
      "type": "OEQ",
      "possible_answers": null
    }
  },
  {
    "model": "main.videoquestion",
    "pk": 63,
    "fields": {
      "video": 21,
      "question": "How have you applied these lessons in your classroom in the past?",
      "type": "OEQ",
      "possible_answers": null
    }
  },
  {
    "model": "main.videoquestion",
    "pk": 64,
    "fields": {
      "video": 21,
      "question": "Based on your experience, what would you add to this video?",
      "type": "OEQ",
      "possible_answers": null
    }
  },
  {
    "model": "main.videoquestion",
    "pk": 65,
    "fields": {
      "video": 22,
      "question": "What did you learn from this video?",
      "type": "OEQ",
      "possible_answers": null
    }
  },
  {
    "model": "main.videoquestion",
    "pk": 66,
    "fields": {
      "video": 22,
      "question": "How have you applied these lessons in your classroom in the past?",
      "type": "OEQ",
      "possible_answers": null
    }
  },
  {
    "model": "main.videoquestion",
    "pk": 67,
    "fields": {
      "video": 22,
      "question": "Based on your experience, what would you add to this video?",
      "type": "OEQ",
      "possible_answers": null
    }
  },
  {
    "model": "main.videoquestion",
    "pk": 68,
    "fields": {
      "video": 23,
      "question": "What did you learn from this video?",
      "type": "OEQ",
      "possible_answers": null
    }
  },
  {
    "model": "main.videoquestion",
    "pk": 69,
    "fields": {
      "video": 23,
      "question": "How have you applied these lessons in your classroom in the past?",
      "type": "OEQ",
      "possible_answers": null
    }
  },
  {
    "model": "main.videoquestion",
    "pk": 70,
    "fields": {
      "video": 23,
      "question": "Based on your experience, what would you add to this video?",
      "type": "OEQ",
      "possible_answers": null
    }
  },
  {
    "model": "main.videoquestion",
    "pk": 71,
    "fields": {
      "video": 24,
      "question": "What did you learn from this video?",
      "type": "OEQ",
      "possible_answers": null
    }
  },
  {
    "model": "main.videoquestion",
    "pk": 72,
    "fields": {
      "video": 24,
      "question": "How have you applied these lessons in your classroom in the past?",
      "type": "OEQ",
      "possible_answers": null
    }
  },
  {
    "model": "main.videoquestion",
    "pk": 73,
    "fields": {
      "video": 24,
      "question": "Based on your experience, what would you add to this video?",
      "type": "OEQ",
      "possible_answers": null
    }
  },
  {
    "model": "main.videoquestion",
    "pk": 74,
    "fields": {
      "video": 25,
      "question": "What did you learn from this video?",
      "type": "OEQ",
      "possible_answers": null
    }
  },
  {
    "model": "main.videoquestion",
    "pk": 75,
    "fields": {
      "video": 25,
      "question": "How have you applied these lessons in your classroom in the past?",
      "type": "OEQ",
      "possible_answers": null
    }
  },
  {
    "model": "main.videoquestion",
    "pk": 76,
    "fields": {
      "video": 25,
      "question": "Based on your experience, what would you add to this video?",
      "type": "OEQ",
      "possible_answers": null
    }
  },
  {
    "model": "main.videoquestion",
    "pk": 77,
    "fields": {
      "video": 26,
      "question": "What did you learn from this video?",
      "type": "OEQ",
      "possible_answers": null
    }
  },
  {
    "model": "main.videoquestion",
    "pk": 78,
    "fields": {
      "video": 26,
      "question": "How have you applied these lessons in your classroom in the past?",
      "type": "OEQ",
      "possible_answers": null
    }
  },
  {
    "model": "main.videoquestion",
    "pk": 79,
    "fields": {
      "video": 26,
      "question": "Based on your experience, what would you add to this video?",
      "type": "OEQ",
      "possible_answers": null
    }
  },
  {
    "model": "main.videoquestion",
    "pk": 80,
    "fields": {
      "video": 27,
      "question": "What did you learn from this video?",
      "type": "OEQ",
      "possible_answers": null
    }
  },
  {
    "model": "main.videoquestion",
    "pk": 81,
    "fields": {
      "video": 27,
      "question": "How have you applied these lessons in your classroom in the past?",
      "type": "OEQ",
      "possible_answers": null
    }
  },
  {
    "model": "main.videoquestion",
    "pk": 82,
    "fields": {
      "video": 27,
      "question": "Based on your experience, what would you add to this video?",
      "type": "OEQ",
      "possible_answers": null
    }
  },
  {
    "model": "main.videoquestion",
    "pk": 83,
    "fields": {
      "video": 28,
      "question": "What did you learn from this video?",
      "type": "OEQ",
      "possible_answers": null
    }
  },
  {
    "model": "main.videoquestion",
    "pk": 84,
    "fields": {
      "video": 28,
      "question": "How have you applied these lessons in your classroom in the past?",
      "type": "OEQ",
      "possible_answers": null
    }
  },
  {
    "model": "main.videoquestion",
    "pk": 85,
    "fields": {
      "video": 28,
      "question": "Based on your experience, what would you add to this video?",
      "type": "OEQ",
      "possible_answers": null
    }
  },
  {
    "model": "main.videoquestion",
    "pk": 86,
    "fields": {
      "video": 29,
      "question": "What did you learn from this video?",
      "type": "OEQ",
      "possible_answers": null
    }
  },
  {
    "model": "main.videoquestion",
    "pk": 87,
    "fields": {
      "video": 29,
      "question": "How have you applied these lessons in your classroom in the past?",
      "type": "OEQ",
      "possible_answers": null
    }
  },
  {
    "model": "main.videoquestion",
    "pk": 88,
    "fields": {
      "video": 29,
      "question": "Based on your experience, what would you add to this video?",
      "type": "OEQ",
      "possible_answers": null
    }
  },
  {
    "model": "main.videoquestion",
    "pk": 89,
    "fields": {
      "video": 30,
      "question": "What did you learn from this video?",
      "type": "OEQ",
      "possible_answers": null
    }
  },
  {
    "model": "main.videoquestion",
    "pk": 90,
    "fields": {
      "video": 30,
      "question": "How have you applied these lessons in your classroom in the past?",
      "type": "OEQ",
      "possible_answers": null
    }
  },
  {
    "model": "main.videoquestion",
    "pk": 91,
    "fields": {
      "video": 30,
      "question": "Based on your experience, what would you add to this video?",
      "type": "OEQ",
      "possible_answers": null
    }
  },
  {
    "model": "main.videoquestion",
    "pk": 92,
    "fields": {
      "video": 31,
      "question": "What did you learn from this video?",
      "type": "OEQ",
      "possible_answers": null
    }
  },
  {
    "model": "main.videoquestion",
    "pk": 93,
    "fields": {
      "video": 31,
      "question": "How have you applied these lessons in your classroom in the past?",
      "type": "OEQ",
      "possible_answers": null
    }
  },
  {
    "model": "main.videoquestion",
    "pk": 94,
    "fields": {
      "video": 31,
      "question": "Based on your experience, what would you add to this video?",
      "type": "OEQ",
      "possible_answers": null
    }
  },
  {
    "model": "main.videoquestion",
    "pk": 95,
    "fields": {
      "video": 32,
      "question": "What did you learn from this video?",
      "type": "OEQ",
      "possible_answers": null
    }
  },
  {
    "model": "main.videoquestion",
    "pk": 96,
    "fields": {
      "video": 32,
      "question": "How have you applied these lessons in your classroom in the past?",
      "type": "OEQ",
      "possible_answers": null
    }
  },
  {
    "model": "main.videoquestion",
    "pk": 97,
    "fields": {
      "video": 32,
      "question": "Based on your experience, what would you add to this video?",
      "type": "OEQ",
      "possible_answers": null
    }
  },
  {
    "model": "main.videoquestion",
    "pk": 98,
    "fields": {
      "video": 33,
      "question": "What did you learn from this video?",
      "type": "OEQ",
      "possible_answers": null
    }
  },
  {
    "model": "main.videoquestion",
    "pk": 99,
    "fields": {
      "video": 33,
      "question": "How have you applied these lessons in your classroom in the past?",
      "type": "OEQ",
      "possible_answers": null
    }
  },
  {
    "model": "main.videoquestion",
    "pk": 100,
    "fields": {
      "video": 33,
      "question": "Based on your experience, what would you add to this video?",
      "type": "OEQ",
      "possible_answers": null
    }
  },
  {
    "model": "main.videoquestion",
    "pk": 101,
    "fields": {
      "video": 34,
      "question": "What did you learn from this video?",
      "type": "OEQ",
      "possible_answers": null
    }
  },
  {
    "model": "main.videoquestion",
    "pk": 102,
    "fields": {
      "video": 34,
      "question": "How have you applied these lessons in your classroom in the past?",
      "type": "OEQ",
      "possible_answers": null
    }
  },
  {
    "model": "main.videoquestion",
    "pk": 103,
    "fields": {
      "video": 34,
      "question": "Based on your experience, what would you add to this video?",
      "type": "OEQ",
      "possible_answers": null
    }
  },
  {
    "model": "main.videoquestion",
    "pk": 104,
    "fields": {
      "video": 35,
      "question": "What did you learn from this video?",
      "type": "OEQ",
      "possible_answers": null
    }
  },
  {
    "model": "main.videoquestion",
    "pk": 105,
    "fields": {
      "video": 35,
      "question": "How have you applied these lessons in your classroom in the past?",
      "type": "OEQ",
      "possible_answers": null
    }
  },
  {
    "model": "main.videoquestion",
    "pk": 106,
    "fields": {
      "video": 35,
      "question": "Based on your experience, what would you add to this video?",
      "type": "OEQ",
      "possible_answers": null
    }
  },
  {
    "model": "main.videoquestion",
    "pk": 107,
    "fields": {
      "video": 36,
      "question": "What did you learn from this video?",
      "type": "OEQ",
      "possible_answers": null
    }
  },
  {
    "model": "main.videoquestion",
    "pk": 108,
    "fields": {
      "video": 36,
      "question": "How have you applied these lessons in your classroom in the past?",
      "type": "OEQ",
      "possible_answers": null
    }
  },
  {
    "model": "main.videoquestion",
    "pk": 109,
    "fields": {
      "video": 36,
      "question": "Based on your experience, what would you add to this video?",
      "type": "OEQ",
      "possible_answers": null
    }
  },
  {
    "model": "main.videoquestion",
    "pk": 110,
    "fields": {
      "video": 37,
      "question": "What did you learn from this video?",
      "type": "OEQ",
      "possible_answers": null
    }
  },
  {
    "model": "main.videoquestion",
    "pk": 111,
    "fields": {
      "video": 37,
      "question": "How have you applied these lessons in your classroom in the past?",
      "type": "OEQ",
      "possible_answers": null
    }
  },
  {
    "model": "main.videoquestion",
    "pk": 112,
    "fields": {
      "video": 37,
      "question": "Based on your experience, what would you add to this video?",
      "type": "OEQ",
      "possible_answers": null
    }
  },
  {
    "model": "main.videoquestion",
    "pk": 113,
    "fields": {
      "video": 38,
      "question": "What did you learn from this video?",
      "type": "OEQ",
      "possible_answers": null
    }
  },
  {
    "model": "main.videoquestion",
    "pk": 114,
    "fields": {
      "video": 38,
      "question": "How have you applied these lessons in your classroom in the past?",
      "type": "OEQ",
      "possible_answers": null
    }
  },
  {
    "model": "main.videoquestion",
    "pk": 115,
    "fields": {
      "video": 38,
      "question": "Based on your experience, what would you add to this video?",
      "type": "OEQ",
      "possible_answers": null
    }
  },
  {
    "model": "main.videoquestion",
    "pk": 116,
    "fields": {
      "video": 39,
      "question": "What did you learn from this video?",
      "type": "OEQ",
      "possible_answers": null
    }
  },
  {
    "model": "main.videoquestion",
    "pk": 117,
    "fields": {
      "video": 39,
      "question": "How have you applied these lessons in your classroom in the past?",
      "type": "OEQ",
      "possible_answers": null
    }
  },
  {
    "model": "main.videoquestion",
    "pk": 118,
    "fields": {
      "video": 39,
      "question": "Based on your experience, what would you add to this video?",
      "type": "OEQ",
      "possible_answers": null
    }
  },
  {
    "model": "main.videoquestion",
    "pk": 119,
    "fields": {
      "video": 40,
      "question": "What did you learn from this video?",
      "type": "OEQ",
      "possible_answers": null
    }
  },
  {
    "model": "main.videoquestion",
    "pk": 120,
    "fields": {
      "video": 40,
      "question": "How have you applied these lessons in your classroom in the past?",
      "type": "OEQ",
      "possible_answers": null
    }
  },
  {
    "model": "main.videoquestion",
    "pk": 121,
    "fields": {
      "video": 40,
      "question": "Based on your experience, what would you add to this video?",
      "type": "OEQ",
      "possible_answers": null
    }
  },
  {
    "model": "main.videoquestion",
    "pk": 122,
    "fields": {
      "video": 41,
      "question": "What did you learn from this video?",
      "type": "OEQ",
      "possible_answers": null
    }
  },
  {
    "model": "main.videoquestion",
    "pk": 123,
    "fields": {
      "video": 41,
      "question": "How have you applied these lessons in your classroom in the past?",
      "type": "OEQ",
      "possible_answers": null
    }
  },
  {
    "model": "main.videoquestion",
    "pk": 124,
    "fields": {
      "video": 41,
      "question": "Based on your experience, what would you add to this video?",
      "type": "OEQ",
      "possible_answers": null
    }
  },
  {
    "model": "main.videoquestion",
    "pk": 125,
    "fields": {
      "video": 42,
      "question": "What did you learn from this video?",
      "type": "OEQ",
      "possible_answers": null
    }
  },
  {
    "model": "main.videoquestion",
    "pk": 126,
    "fields": {
      "video": 42,
      "question": "How have you applied these lessons in your classroom in the past?",
      "type": "OEQ",
      "possible_answers": null
    }
  },
  {
    "model": "main.videoquestion",
    "pk": 127,
    "fields": {
      "video": 42,
      "question": "Based on your experience, what would you add to this video?",
      "type": "OEQ",
      "possible_answers": null
    }
  },
  {
    "model": "main.videoquestion",
    "pk": 128,
    "fields": {
      "video": 43,
      "question": "What did you learn from this video?",
      "type": "OEQ",
      "possible_answers": null
    }
  },
  {
    "model": "main.videoquestion",
    "pk": 129,
    "fields": {
      "video": 43,
      "question": "How have you applied these lessons in your classroom in the past?",
      "type": "OEQ",
      "possible_answers": null
    }
  },
  {
    "model": "main.videoquestion",
    "pk": 130,
    "fields": {
      "video": 43,
      "question": "Based on your experience, what would you add to this video?",
      "type": "OEQ",
      "possible_answers": null
    }
  },
  {
    "model": "main.videoquestion",
    "pk": 131,
    "fields": {
      "video": 44,
      "question": "What did you learn from this video?",
      "type": "OEQ",
      "possible_answers": null
    }
  },
  {
    "model": "main.videoquestion",
    "pk": 132,
    "fields": {
      "video": 44,
      "question": "How have you applied these lessons in your classroom in the past?",
      "type": "OEQ",
      "possible_answers": null
    }
  },
  {
    "model": "main.videoquestion",
    "pk": 133,
    "fields": {
      "video": 44,
      "question": "Based on your experience, what would you add to this video?",
      "type": "OEQ",
      "possible_answers": null
    }
  },
  {
    "model": "main.videoquestion",
    "pk": 134,
    "fields": {
      "video": 45,
      "question": "What did you learn from this video?",
      "type": "OEQ",
      "possible_answers": null
    }
  },
  {
    "model": "main.videoquestion",
    "pk": 135,
    "fields": {
      "video": 45,
      "question": "How have you applied these lessons in your classroom in the past?",
      "type": "OEQ",
      "possible_answers": null
    }
  },
  {
    "model": "main.videoquestion",
    "pk": 136,
    "fields": {
      "video": 45,
      "question": "Based on your experience, what would you add to this video?",
      "type": "OEQ",
      "possible_answers": null
    }
  },
  {
    "model": "main.videoquestion",
    "pk": 137,
    "fields": {
      "video": 46,
      "question": "What did you learn from this video?",
      "type": "OEQ",
      "possible_answers": null
    }
  },
  {
    "model": "main.videoquestion",
    "pk": 138,
    "fields": {
      "video": 46,
      "question": "How have you applied these lessons in your classroom in the past?",
      "type": "OEQ",
      "possible_answers": null
    }
  },
  {
    "model": "main.videoquestion",
    "pk": 139,
    "fields": {
      "video": 46,
      "question": "Based on your experience, what would you add to this video?",
      "type": "OEQ",
      "possible_answers": null
    }
  },
  {
    "model": "main.videoquestion",
    "pk": 140,
    "fields": {
      "video": 47,
      "question": "What did you learn from this video?",
      "type": "OEQ",
      "possible_answers": null
    }
  },
  {
    "model": "main.videoquestion",
    "pk": 141,
    "fields": {
      "video": 47,
      "question": "How have you applied these lessons in your classroom in the past?",
      "type": "OEQ",
      "possible_answers": null
    }
  },
  {
    "model": "main.videoquestion",
    "pk": 142,
    "fields": {
      "video": 47,
      "question": "Based on your experience, what would you add to this video?",
      "type": "OEQ",
      "possible_answers": null
    }
  },
  {
    "model": "main.videoquestion",
    "pk": 143,
    "fields": {
      "video": 48,
      "question": "What did you learn from this video?",
      "type": "OEQ",
      "possible_answers": null
    }
  },
  {
    "model": "main.videoquestion",
    "pk": 144,
    "fields": {
      "video": 48,
      "question": "How have you applied these lessons in your classroom in the past?",
      "type": "OEQ",
      "possible_answers": null
    }
  },
  {
    "model": "main.videoquestion",
    "pk": 145,
    "fields": {
      "video": 48,
      "question": "Based on your experience, what would you add to this video?",
      "type": "OEQ",
      "possible_answers": null
    }
  },
  {
    "model": "main.videoquestion",
    "pk": 146,
    "fields": {
      "video": 49,
      "question": "What did you learn from this video?",
      "type": "OEQ",
      "possible_answers": null
    }
  },
  {
    "model": "main.videoquestion",
    "pk": 147,
    "fields": {
      "video": 49,
      "question": "How have you applied these lessons in your classroom in the past?",
      "type": "OEQ",
      "possible_answers": null
    }
  },
  {
    "model": "main.videoquestion",
    "pk": 148,
    "fields": {
      "video": 49,
      "question": "Based on your experience, what would you add to this video?",
      "type": "OEQ",
      "possible_answers": null
    }
  },
  {
    "model": "main.videoquestion",
    "pk": 149,
    "fields": {
      "video": 50,
      "question": "What did you learn from this video?",
      "type": "OEQ",
      "possible_answers": null
    }
  },
  {
    "model": "main.videoquestion",
    "pk": 150,
    "fields": {
      "video": 50,
      "question": "How have you applied these lessons in your classroom in the past?",
      "type": "OEQ",
      "possible_answers": null
    }
  },
  {
    "model": "main.videoquestion",
    "pk": 151,
    "fields": {
      "video": 50,
      "question": "Based on your experience, what would you add to this video?",
      "type": "OEQ",
      "possible_answers": null
    }
  },
  {
    "model": "main.videoquestion",
    "pk": 152,
    "fields": {
      "video": 51,
      "question": "What did you learn from this video?",
      "type": "OEQ",
      "possible_answers": null
    }
  },
  {
    "model": "main.videoquestion",
    "pk": 153,
    "fields": {
      "video": 51,
      "question": "How have you applied these lessons in your classroom in the past?",
      "type": "OEQ",
      "possible_answers": null
    }
  },
  {
    "model": "main.videoquestion",
    "pk": 154,
    "fields": {
      "video": 51,
      "question": "Based on your experience, what would you add to this video?",
      "type": "OEQ",
      "possible_answers": null
    }
  },
  {
    "model": "main.videoquestion",
    "pk": 155,
    "fields": {
      "video": 52,
      "question": "What did you learn from this video?",
      "type": "OEQ",
      "possible_answers": null
    }
  },
  {
    "model": "main.videoquestion",
    "pk": 156,
    "fields": {
      "video": 52,
      "question": "How have you applied these lessons in your classroom in the past?",
      "type": "OEQ",
      "possible_answers": null
    }
  },
  {
    "model": "main.videoquestion",
    "pk": 157,
    "fields": {
      "video": 52,
      "question": "Based on your experience, what would you add to this video?",
      "type": "OEQ",
      "possible_answers": null
    }
  },
  {
    "model": "main.videoquestion",
    "pk": 158,
    "fields": {
      "video": 53,
      "question": "What did you learn from this video?",
      "type": "OEQ",
      "possible_answers": null
    }
  },
  {
    "model": "main.videoquestion",
    "pk": 159,
    "fields": {
      "video": 53,
      "question": "How have you applied these lessons in your classroom in the past?",
      "type": "OEQ",
      "possible_answers": null
    }
  },
  {
    "model": "main.videoquestion",
    "pk": 160,
    "fields": {
      "video": 53,
      "question": "Based on your experience, what would you add to this video?",
      "type": "OEQ",
      "possible_answers": null
    }
  },
  {
    "model": "main.videoquestion",
    "pk": 161,
    "fields": {
      "video": 54,
      "question": "What did you learn from this video?",
      "type": "OEQ",
      "possible_answers": null
    }
  },
  {
    "model": "main.videoquestion",
    "pk": 162,
    "fields": {
      "video": 54,
      "question": "How have you applied these lessons in your classroom in the past?",
      "type": "OEQ",
      "possible_answers": null
    }
  },
  {
    "model": "main.videoquestion",
    "pk": 163,
    "fields": {
      "video": 54,
      "question": "Based on your experience, what would you add to this video?",
      "type": "OEQ",
      "possible_answers": null
    }
  },
  {
    "model": "main.videoquestion",
    "pk": 164,
    "fields": {
      "video": 55,
      "question": "What did you learn from this video?",
      "type": "OEQ",
      "possible_answers": null
    }
  },
  {
    "model": "main.videoquestion",
    "pk": 165,
    "fields": {
      "video": 55,
      "question": "How have you applied these lessons in your classroom in the past?",
      "type": "OEQ",
      "possible_answers": null
    }
  },
  {
    "model": "main.videoquestion",
    "pk": 166,
    "fields": {
      "video": 55,
      "question": "Based on your experience, what would you add to this video?",
      "type": "OEQ",
      "possible_answers": null
    }
  },
  {
    "model": "main.videoquestion",
    "pk": 167,
    "fields": {
      "video": 56,
      "question": "What did you learn from this video?",
      "type": "OEQ",
      "possible_answers": null
    }
  },
  {
    "model": "main.videoquestion",
    "pk": 168,
    "fields": {
      "video": 56,
      "question": "How have you applied these lessons in your classroom in the past?",
      "type": "OEQ",
      "possible_answers": null
    }
  },
  {
    "model": "main.videoquestion",
    "pk": 169,
    "fields": {
      "video": 56,
      "question": "Based on your experience, what would you add to this video?",
      "type": "OEQ",
      "possible_answers": null
    }
  },
  {
    "model": "main.videoquestion",
    "pk": 170,
    "fields": {
      "video": 57,
      "question": "What did you learn from this video?",
      "type": "OEQ",
      "possible_answers": null
    }
  },
  {
    "model": "main.videoquestion",
    "pk": 171,
    "fields": {
      "video": 57,
      "question": "How have you applied these lessons in your classroom in the past?",
      "type": "OEQ",
      "possible_answers": null
    }
  },
  {
    "model": "main.videoquestion",
    "pk": 172,
    "fields": {
      "video": 57,
      "question": "Based on your experience, what would you add to this video?",
      "type": "OEQ",
      "possible_answers": null
    }
  },
  {
    "model": "main.videoquestion",
    "pk": 173,
    "fields": {
      "video": 58,
      "question": "What did you learn from this video?",
      "type": "OEQ",
      "possible_answers": null
    }
  },
  {
    "model": "main.videoquestion",
    "pk": 174,
    "fields": {
      "video": 58,
      "question": "How have you applied these lessons in your classroom in the past?",
      "type": "OEQ",
      "possible_answers": null
    }
  },
  {
    "model": "main.videoquestion",
    "pk": 175,
    "fields": {
      "video": 58,
      "question": "Based on your experience, what would you add to this video?",
      "type": "OEQ",
      "possible_answers": null
    }
  },
  {
    "model": "main.videoquestion",
    "pk": 176,
    "fields": {
      "video": 59,
      "question": "What did you learn from this video?",
      "type": "OEQ",
      "possible_answers": null
    }
  },
  {
    "model": "main.videoquestion",
    "pk": 177,
    "fields": {
      "video": 59,
      "question": "How have you applied these lessons in your classroom in the past?",
      "type": "OEQ",
      "possible_answers": null
    }
  },
  {
    "model": "main.videoquestion",
    "pk": 178,
    "fields": {
      "video": 59,
      "question": "Based on your experience, what would you add to this video?",
      "type": "OEQ",
      "possible_answers": null
    }
  },
  {
    "model": "main.videoquestion",
    "pk": 179,
    "fields": {
      "video": 60,
      "question": "What did you learn from this video?",
      "type": "OEQ",
      "possible_answers": null
    }
  },
  {
    "model": "main.videoquestion",
    "pk": 180,
    "fields": {
      "video": 60,
      "question": "How have you applied these lessons in your classroom in the past?",
      "type": "OEQ",
      "possible_answers": null
    }
  },
  {
    "model": "main.videoquestion",
    "pk": 181,
    "fields": {
      "video": 60,
      "question": "Based on your experience, what would you add to this video?",
      "type": "OEQ",
      "possible_answers": null
    }
  },
  {
    "model": "main.videoquestion",
    "pk": 182,
    "fields": {
      "video": 61,
      "question": "What did you learn from this video?",
      "type": "OEQ",
      "possible_answers": null
    }
  },
  {
    "model": "main.videoquestion",
    "pk": 183,
    "fields": {
      "video": 61,
      "question": "How have you applied these lessons in your classroom in the past?",
      "type": "OEQ",
      "possible_answers": null
    }
  },
  {
    "model": "main.videoquestion",
    "pk": 184,
    "fields": {
      "video": 61,
      "question": "Based on your experience, what would you add to this video?",
      "type": "OEQ",
      "possible_answers": null
    }
  },
  {
    "model": "main.videoquestion",
    "pk": 185,
    "fields": {
      "video": 62,
      "question": "What did you learn from this video?",
      "type": "OEQ",
      "possible_answers": null
    }
  },
  {
    "model": "main.videoquestion",
    "pk": 186,
    "fields": {
      "video": 62,
      "question": "How have you applied these lessons in your classroom in the past?",
      "type": "OEQ",
      "possible_answers": null
    }
  },
  {
    "model": "main.videoquestion",
    "pk": 187,
    "fields": {
      "video": 62,
      "question": "Based on your experience, what would you add to this video?",
      "type": "OEQ",
      "possible_answers": null
    }
  },
  {
    "model": "main.videoquestion",
    "pk": 188,
    "fields": {
      "video": 63,
      "question": "What did you learn from this video?",
      "type": "OEQ",
      "possible_answers": null
    }
  },
  {
    "model": "main.videoquestion",
    "pk": 189,
    "fields": {
      "video": 63,
      "question": "How have you applied these lessons in your classroom in the past?",
      "type": "OEQ",
      "possible_answers": null
    }
  },
  {
    "model": "main.videoquestion",
    "pk": 190,
    "fields": {
      "video": 63,
      "question": "Based on your experience, what would you add to this video?",
      "type": "OEQ",
      "possible_answers": null
    }
  },
  {
    "model": "main.videoquestion",
    "pk": 191,
    "fields": {
      "video": 64,
      "question": "What did you learn from this video?",
      "type": "OEQ",
      "possible_answers": null
    }
  },
  {
    "model": "main.videoquestion",
    "pk": 192,
    "fields": {
      "video": 64,
      "question": "How have you applied these lessons in your classroom in the past?",
      "type": "OEQ",
      "possible_answers": null
    }
  },
  {
    "model": "main.videoquestion",
    "pk": 193,
    "fields": {
      "video": 64,
      "question": "Based on your experience, what would you add to this video?",
      "type": "OEQ",
      "possible_answers": null
    }
  },
  {
    "model": "main.module",
    "pk": 1,
    "fields": {
      "video": 1,
      "title": "Persepsi_Inexperienced",
      "questions": [
        1,
        2
      ]
    }
  },
  {
    "model": "main.module",
    "pk": 2,
    "fields": {
      "video": 1,
      "title": "Persepsi_Experienced",
      "questions": [
        1,
        2,
        3,
        4
      ]
    }
  },
  {
    "model": "main.module",
    "pk": 3,
    "fields": {
      "video": 2,
      "title": "CikguSpeaks",
      "questions": [
        5,
        6
      ]
    }
  },
  {
    "model": "main.module",
    "pk": 4,
    "fields": {
      "video": 3,
      "title": "TedX_selfeval",
      "questions": [
        7,
        8,
        9
      ]
    }
  },
  {
    "model": "main.module",
    "pk": 5,
    "fields": {
      "video": 3,
      "title": "TedX",
      "questions": [
        7,
        8
      ]
    }
  },
  {
    "model": "main.module",
    "pk": 6,
    "fields": {
      "video": 5,
      "title": "LOFI",
      "questions": [
        1,
        2
      ]
    }
  },
  {
    "model": "main.module",
    "pk": 7,
    "fields": {
      "video": 5,
      "title": "Test Lofi 2",
      "questions": [
        2
      ]
    }
  },
  {
    "model": "main.module",
    "pk": 8,
    "fields": {
      "video": 6,
      "title": "An Introduction_beginner",
      "questions": [
        17,
        18
      ]
    }
  },
  {
    "model": "main.module",
    "pk": 9,
    "fields": {
      "video": 6,
      "title": "An Introduction_advanced",
      "questions": [
        17,
        18,
        19
      ]
    }
  },
  {
    "model": "main.module",
    "pk": 10,
    "fields": {
      "video": 7,
      "title": "Setting Students for Success through a SEL Focused Lesson Plan_beginner",
      "questions": [
        20,
        21
      ]
    }
  },
  {
    "model": "main.module",
    "pk": 11,
    "fields": {
      "video": 7,
      "title": "Setting Students for Success through a SEL Focused Lesson Plan_advanced",
      "questions": [
        20,
        21,
        22
      ]
    }
  },
  {
    "model": "main.module",
    "pk": 12,
    "fields": {
      "video": 8,
      "title": "Differentiated Learning: Teaching Children of Different Levels_beginner",
      "questions": [
        23,
        24
      ]
    }
  },
  {
    "model": "main.module",
    "pk": 13,
    "fields": {
      "video": 8,
      "title": "Differentiated Learning: Teaching Children of Different Levels_advanced",
      "questions": [
        23,
        24,
        25
      ]
    }
  },
  {
    "model": "main.module",
    "pk": 14,
    "fields": {
      "video": 9,
      "title": "How Routines can Overcome Behavior Issues_beginner",
      "questions": [
        26,
        27
      ]
    }
  },
  {
    "model": "main.module",
    "pk": 15,
    "fields": {
      "video": 9,
      "title": "How Routines can Overcome Behavior Issues_advanced",
      "questions": [
        26,
        27,
        28
      ]
    }
  },
  {
    "model": "main.module",
    "pk": 16,
    "fields": {
      "video": 10,
      "title": "Choiceboard: A Strategy to Increase Children's Autonomy_beginner",
      "questions": [
        29,
        30
      ]
    }
  },
  {
    "model": "main.module",
    "pk": 17,
    "fields": {
      "video": 10,
      "title": "Choiceboard: A Strategy to Increase Children's Autonomy_advanced",
      "questions": [
        29,
        30,
        31
      ]
    }
  },
  {
    "model": "main.module",
    "pk": 18,
    "fields": {
      "video": 11,
      "title": "Reward Chart_beginner",
      "questions": [
        32,
        33
      ]
    }
  },
  {
    "model": "main.module",
    "pk": 19,
    "fields": {
      "video": 11,
      "title": "Reward Chart_advanced",
      "questions": [
        32,
        33,
        34
      ]
    }
  },
  {
    "model": "main.module",
    "pk": 20,
    "fields": {
      "video": 12,
      "title": "Parking Lot_beginner",
      "questions": [
        35,
        36
      ]
    }
  },
  {
    "model": "main.module",
    "pk": 21,
    "fields": {
      "video": 12,
      "title": "Parking Lot_advanced",
      "questions": [
        35,
        36,
        37
      ]
    }
  },
  {
    "model": "main.module",
    "pk": 22,
    "fields": {
      "video": 13,
      "title": "An Introduction_beginner",
      "questions": [
        38,
        39
      ]
    }
  },
  {
    "model": "main.module",
    "pk": 23,
    "fields": {
      "video": 13,
      "title": "An Introduction_advanced",
      "questions": [
        38,
        39,
        40
      ]
    }
  },
  {
    "model": "main.module",
    "pk": 24,
    "fields": {
      "video": 14,
      "title": "This or That_beginner",
      "questions": [
        41,
        42
      ]
    }
  },
  {
    "model": "main.module",
    "pk": 25,
    "fields": {
      "video": 14,
      "title": "This or That_advanced",
      "questions": [
        41,
        42,
        43
      ]
    }
  },
  {
    "model": "main.module",
    "pk": 26,
    "fields": {
      "video": 15,
      "title": "Simon Says_beginner",
      "questions": [
        44,
        45
      ]
    }
  },
  {
    "model": "main.module",
    "pk": 27,
    "fields": {
      "video": 15,
      "title": "Simon Says_advanced",
      "questions": [
        44,
        45,
        46
      ]
    }
  },
  {
    "model": "main.module",
    "pk": 28,
    "fields": {
      "video": 16,
      "title": "Truth or Dare_beginner",
      "questions": [
        47,
        48
      ]
    }
  },
  {
    "model": "main.module",
    "pk": 29,
    "fields": {
      "video": 16,
      "title": "Truth or Dare_advanced",
      "questions": [
        47,
        48,
        49
      ]
    }
  },
  {
    "model": "main.module",
    "pk": 30,
    "fields": {
      "video": 17,
      "title": "An Introduction_beginner",
      "questions": [
        50,
        51
      ]
    }
  },
  {
    "model": "main.module",
    "pk": 31,
    "fields": {
      "video": 17,
      "title": "An Introduction_advanced",
      "questions": [
        50,
        51,
        52
      ]
    }
  },
  {
    "model": "main.module",
    "pk": 32,
    "fields": {
      "video": 18,
      "title": "Jigsaw Method_beginner",
      "questions": [
        53,
        54
      ]
    }
  },
  {
    "model": "main.module",
    "pk": 33,
    "fields": {
      "video": 18,
      "title": "Jigsaw Method_advanced",
      "questions": [
        53,
        54,
        55
      ]
    }
  },
  {
    "model": "main.module",
    "pk": 34,
    "fields": {
      "video": 19,
      "title": "Think-pair-share_beginner",
      "questions": [
        56,
        57
      ]
    }
  },
  {
    "model": "main.module",
    "pk": 35,
    "fields": {
      "video": 19,
      "title": "Think-pair-share_advanced",
      "questions": [
        56,
        57,
        58
      ]
    }
  },
  {
    "model": "main.module",
    "pk": 36,
    "fields": {
      "video": 20,
      "title": "Agreement Circles_beginner",
      "questions": [
        59,
        60
      ]
    }
  },
  {
    "model": "main.module",
    "pk": 37,
    "fields": {
      "video": 20,
      "title": "Agreement Circles_advanced",
      "questions": [
        59,
        60,
        61
      ]
    }
  },
  {
    "model": "main.module",
    "pk": 38,
    "fields": {
      "video": 21,
      "title": "Teaching: Not a Top Career Choice for Gen-Zs_beginner",
      "questions": [
        62,
        63
      ]
    }
  },
  {
    "model": "main.module",
    "pk": 39,
    "fields": {
      "video": 21,
      "title": "Teaching: Not a Top Career Choice for Gen-Zs_advanced",
      "questions": [
        62,
        63,
        64
      ]
    }
  },
  {
    "model": "main.module",
    "pk": 40,
    "fields": {
      "video": 22,
      "title": "Malaysian Teacher's First Day At School_beginner",
      "questions": [
        65,
        66
      ]
    }
  },
  {
    "model": "main.module",
    "pk": 41,
    "fields": {
      "video": 22,
      "title": "Malaysian Teacher's First Day At School_advanced",
      "questions": [
        65,
        66,
        67
      ]
    }
  },
  {
    "model": "main.module",
    "pk": 42,
    "fields": {
      "video": 23,
      "title": "Malaysian Teacher' Teaches Math in Myanmar_beginner",
      "questions": [
        68,
        69
      ]
    }
  },
  {
    "model": "main.module",
    "pk": 43,
    "fields": {
      "video": 23,
      "title": "Malaysian Teacher' Teaches Math in Myanmar_advanced",
      "questions": [
        68,
        69,
        70
      ]
    }
  },
  {
    "model": "main.module",
    "pk": 44,
    "fields": {
      "video": 24,
      "title": "Malaysia Teacher Gone Viral_beginner",
      "questions": [
        71,
        72
      ]
    }
  },
  {
    "model": "main.module",
    "pk": 45,
    "fields": {
      "video": 24,
      "title": "Malaysia Teacher Gone Viral_advanced",
      "questions": [
        71,
        72,
        73
      ]
    }
  },
  {
    "model": "main.module",
    "pk": 46,
    "fields": {
      "video": 25,
      "title": "How Much Should A Teacher Spend on Students?_beginner",
      "questions": [
        74,
        75
      ]
    }
  },
  {
    "model": "main.module",
    "pk": 47,
    "fields": {
      "video": 25,
      "title": "How Much Should A Teacher Spend on Students?_advanced",
      "questions": [
        74,
        75,
        76
      ]
    }
  },
  {
    "model": "main.module",
    "pk": 48,
    "fields": {
      "video": 26,
      "title": "How to Start a Class Presentation : Teacher & Student Communication_beginner",
      "questions": [
        77,
        78
      ]
    }
  },
  {
    "model": "main.module",
    "pk": 49,
    "fields": {
      "video": 26,
      "title": "How to Start a Class Presentation : Teacher & Student Communication_advanced",
      "questions": [
        77,
        78,
        79
      ]
    }
  },
  {
    "model": "main.module",
    "pk": 50,
    "fields": {
      "video": 27,
      "title": "How to start a presentation_beginner",
      "questions": [
        80,
        81
      ]
    }
  },
  {
    "model": "main.module",
    "pk": 51,
    "fields": {
      "video": 27,
      "title": "How to start a presentation_advanced",
      "questions": [
        80,
        81,
        82
      ]
    }
  },
  {
    "model": "main.module",
    "pk": 52,
    "fields": {
      "video": 28,
      "title": "The 3 Magic Ingredients of Amazing Presentations | Phil WAKNELL | TEDxSaclay_beginner",
      "questions": [
        83,
        84
      ]
    }
  },
  {
    "model": "main.module",
    "pk": 53,
    "fields": {
      "video": 28,
      "title": "The 3 Magic Ingredients of Amazing Presentations | Phil WAKNELL | TEDxSaclay_advanced",
      "questions": [
        83,
        84,
        85
      ]
    }
  },
  {
    "model": "main.module",
    "pk": 54,
    "fields": {
      "video": 29,
      "title": "Project-based learning in the classroom - 9 Amazing apps for PBL_beginner",
      "questions": [
        86,
        87
      ]
    }
  },
  {
    "model": "main.module",
    "pk": 55,
    "fields": {
      "video": 29,
      "title": "Project-based learning in the classroom - 9 Amazing apps for PBL_advanced",
      "questions": [
        86,
        87,
        88
      ]
    }
  },
  {
    "model": "main.module",
    "pk": 56,
    "fields": {
      "video": 30,
      "title": "Project Based Learning: Why, How, and Examples_beginner",
      "questions": [
        89,
        90
      ]
    }
  },
  {
    "model": "main.module",
    "pk": 57,
    "fields": {
      "video": 30,
      "title": "Project Based Learning: Why, How, and Examples_advanced",
      "questions": [
        89,
        90,
        91
      ]
    }
  },
  {
    "model": "main.module",
    "pk": 58,
    "fields": {
      "video": 31,
      "title": "Bringing Identity Work to Project-Based Learning_beginner",
      "questions": [
        92,
        93
      ]
    }
  },
  {
    "model": "main.module",
    "pk": 59,
    "fields": {
      "video": 31,
      "title": "Bringing Identity Work to Project-Based Learning_advanced",
      "questions": [
        92,
        93,
        94
      ]
    }
  },
  {
    "model": "main.module",
    "pk": 60,
    "fields": {
      "video": 32,
      "title": "High School Teachers Meet the Challenges of PBL Implementation_beginner",
      "questions": [
        95,
        96
      ]
    }
  },
  {
    "model": "main.module",
    "pk": 61,
    "fields": {
      "video": 32,
      "title": "High School Teachers Meet the Challenges of PBL Implementation_advanced",
      "questions": [
        95,
        96,
        97
      ]
    }
  },
  {
    "model": "main.module",
    "pk": 62,
    "fields": {
      "video": 33,
      "title": "5 Keys to Rigorous Project-Based Learning_beginner",
      "questions": [
        98,
        99
      ]
    }
  },
  {
    "model": "main.module",
    "pk": 63,
    "fields": {
      "video": 33,
      "title": "5 Keys to Rigorous Project-Based Learning_advanced",
      "questions": [
        98,
        99,
        100
      ]
    }
  },
  {
    "model": "main.module",
    "pk": 64,
    "fields": {
      "video": 34,
      "title": "How to help struggling students_beginner",
      "questions": [
        101,
        102
      ]
    }
  },
  {
    "model": "main.module",
    "pk": 65,
    "fields": {
      "video": 34,
      "title": "How to help struggling students_advanced",
      "questions": [
        101,
        102,
        103
      ]
    }
  },
  {
    "model": "main.module",
    "pk": 66,
    "fields": {
      "video": 35,
      "title": "How Do Teachers Change Lives?_beginner",
      "questions": [
        104,
        105
      ]
    }
  },
  {
    "model": "main.module",
    "pk": 67,
    "fields": {
      "video": 35,
      "title": "How Do Teachers Change Lives?_advanced",
      "questions": [
        104,
        105,
        106
      ]
    }
  },
  {
    "model": "main.module",
    "pk": 68,
    "fields": {
      "video": 36,
      "title": "Teacher Explains How to Reach Difficult Students as an Educator_beginner",
      "questions": [
        107,
        108
      ]
    }
  },
  {
    "model": "main.module",
    "pk": 69,
    "fields": {
      "video": 36,
      "title": "Teacher Explains How to Reach Difficult Students as an Educator_advanced",
      "questions": [
        107,
        108,
        109
      ]
    }
  },
  {
    "model": "main.module",
    "pk": 70,
    "fields": {
      "video": 37,
      "title": "5 Ways to Handle Defiant Students in the Classroom_beginner",
      "questions": [
        110,
        111
      ]
    }
  },
  {
    "model": "main.module",
    "pk": 71,
    "fields": {
      "video": 37,
      "title": "5 Ways to Handle Defiant Students in the Classroom_advanced",
      "questions": [
        110,
        111,
        112
      ]
    }
  },
  {
    "model": "main.module",
    "pk": 72,
    "fields": {
      "video": 38,
      "title": "How to Get Classroom Confidence as a Beginner Teacher_beginner",
      "questions": [
        113,
        114
      ]
    }
  },
  {
    "model": "main.module",
    "pk": 73,
    "fields": {
      "video": 38,
      "title": "How to Get Classroom Confidence as a Beginner Teacher_advanced",
      "questions": [
        113,
        114,
        115
      ]
    }
  },
  {
    "model": "main.module",
    "pk": 74,
    "fields": {
      "video": 39,
      "title": "Teacher Confidence: 10 Tips to give you Maximum Confidence_beginner",
      "questions": [
        116,
        117
      ]
    }
  },
  {
    "model": "main.module",
    "pk": 75,
    "fields": {
      "video": 39,
      "title": "Teacher Confidence: 10 Tips to give you Maximum Confidence_advanced",
      "questions": [
        116,
        117,
        118
      ]
    }
  },
  {
    "model": "main.module",
    "pk": 76,
    "fields": {
      "video": 40,
      "title": "How to be confident as new Teacher #Teacherdemo #improveconfidence_beginner",
      "questions": [
        119,
        120
      ]
    }
  },
  {
    "model": "main.module",
    "pk": 77,
    "fields": {
      "video": 40,
      "title": "How to be confident as new Teacher #Teacherdemo #improveconfidence_advanced",
      "questions": [
        119,
        120,
        121
      ]
    }
  },
  {
    "model": "main.module",
    "pk": 78,
    "fields": {
      "video": 41,
      "title": "Building your confidence as a teacher - Penny Ur - Cambridge Live_beginner",
      "questions": [
        122,
        123
      ]
    }
  },
  {
    "model": "main.module",
    "pk": 79,
    "fields": {
      "video": 41,
      "title": "Building your confidence as a teacher - Penny Ur - Cambridge Live_advanced",
      "questions": [
        122,
        123,
        124
      ]
    }
  },
  {
    "model": "main.module",
    "pk": 80,
    "fields": {
      "video": 42,
      "title": "Creating Student Engagement | Teacher Vlog_beginner",
      "questions": [
        125,
        126
      ]
    }
  },
  {
    "model": "main.module",
    "pk": 81,
    "fields": {
      "video": 42,
      "title": "Creating Student Engagement | Teacher Vlog_advanced",
      "questions": [
        125,
        126,
        127
      ]
    }
  },
  {
    "model": "main.module",
    "pk": 82,
    "fields": {
      "video": 43,
      "title": "10 Strategies & Tips to Increase Student Engagement_beginner",
      "questions": [
        128,
        129
      ]
    }
  },
  {
    "model": "main.module",
    "pk": 83,
    "fields": {
      "video": 43,
      "title": "10 Strategies & Tips to Increase Student Engagement_advanced",
      "questions": [
        128,
        129,
        130
      ]
    }
  },
  {
    "model": "main.module",
    "pk": 84,
    "fields": {
      "video": 44,
      "title": "Student Engagement Through a Different Lens | Candy Suiso | TEDxFargo_beginner",
      "questions": [
        131,
        132
      ]
    }
  },
  {
    "model": "main.module",
    "pk": 85,
    "fields": {
      "video": 44,
      "title": "Student Engagement Through a Different Lens | Candy Suiso | TEDxFargo_advanced",
      "questions": [
        131,
        132,
        133
      ]
    }
  },
  {
    "model": "main.module",
    "pk": 86,
    "fields": {
      "video": 45,
      "title": "4 Tips to Boost Student Engagement When Teaching Math_beginner",
      "questions": [
        134,
        135
      ]
    }
  },
  {
    "model": "main.module",
    "pk": 87,
    "fields": {
      "video": 45,
      "title": "4 Tips to Boost Student Engagement When Teaching Math_advanced",
      "questions": [
        134,
        135,
        136
      ]
    }
  },
  {
    "model": "main.module",
    "pk": 88,
    "fields": {
      "video": 46,
      "title": "What does 'Holistic Learning' mean for students?_beginner",
      "questions": [
        137,
        138
      ]
    }
  },
  {
    "model": "main.module",
    "pk": 89,
    "fields": {
      "video": 46,
      "title": "What does 'Holistic Learning' mean for students?_advanced",
      "questions": [
        137,
        138,
        139
      ]
    }
  },
  {
    "model": "main.module",
    "pk": 90,
    "fields": {
      "video": 47,
      "title": "Holistic Education_beginner",
      "questions": [
        140,
        141
      ]
    }
  },
  {
    "model": "main.module",
    "pk": 91,
    "fields": {
      "video": 47,
      "title": "Holistic Education_advanced",
      "questions": [
        140,
        141,
        142
      ]
    }
  },
  {
    "model": "main.module",
    "pk": 92,
    "fields": {
      "video": 48,
      "title": "Waldorf Education: What is holistic learning?_beginner",
      "questions": [
        143,
        144
      ]
    }
  },
  {
    "model": "main.module",
    "pk": 93,
    "fields": {
      "video": 48,
      "title": "Waldorf Education: What is holistic learning?_advanced",
      "questions": [
        143,
        144,
        145
      ]
    }
  },
  {
    "model": "main.module",
    "pk": 94,
    "fields": {
      "video": 49,
      "title": "Holistic.Education.Overview_beginner",
      "questions": [
        146,
        147
      ]
    }
  },
  {
    "model": "main.module",
    "pk": 95,
    "fields": {
      "video": 49,
      "title": "Holistic.Education.Overview_advanced",
      "questions": [
        146,
        147,
        148
      ]
    }
  },
  {
    "model": "main.module",
    "pk": 96,
    "fields": {
      "video": 50,
      "title": "Data-Driven is STUDENT-CENTERED: Collecting Meaningful Data_beginner",
      "questions": [
        149,
        150
      ]
    }
  },
  {
    "model": "main.module",
    "pk": 97,
    "fields": {
      "video": 50,
      "title": "Data-Driven is STUDENT-CENTERED: Collecting Meaningful Data_advanced",
      "questions": [
        149,
        150,
        151
      ]
    }
  },
  {
    "model": "main.module",
    "pk": 98,
    "fields": {
      "video": 51,
      "title": "Using Data to Improve Instruction_beginner",
      "questions": [
        152,
        153
      ]
    }
  },
  {
    "model": "main.module",
    "pk": 99,
    "fields": {
      "video": 51,
      "title": "Using Data to Improve Instruction_advanced",
      "questions": [
        152,
        153,
        154
      ]
    }
  },
  {
    "model": "main.module",
    "pk": 100,
    "fields": {
      "video": 52,
      "title": "Data-Driven Instruction: Leading Analysis Meetings_beginner",
      "questions": [
        155,
        156
      ]
    }
  },
  {
    "model": "main.module",
    "pk": 101,
    "fields": {
      "video": 52,
      "title": "Data-Driven Instruction: Leading Analysis Meetings_advanced",
      "questions": [
        155,
        156,
        157
      ]
    }
  },
  {
    "model": "main.module",
    "pk": 102,
    "fields": {
      "video": 53,
      "title": "What's So Great About Data Driven Instruction?_beginner",
      "questions": [
        158,
        159
      ]
    }
  },
  {
    "model": "main.module",
    "pk": 103,
    "fields": {
      "video": 53,
      "title": "What's So Great About Data Driven Instruction?_advanced",
      "questions": [
        158,
        159,
        160
      ]
    }
  },
  {
    "model": "main.module",
    "pk": 104,
    "fields": {
      "video": 54,
      "title": "How does teacher use of student assessment data change instructional practice?_beginner",
      "questions": [
        161,
        162
      ]
    }
  },
  {
    "model": "main.module",
    "pk": 105,
    "fields": {
      "video": 54,
      "title": "How does teacher use of student assessment data change instructional practice?_advanced",
      "questions": [
        161,
        162,
        163
      ]
    }
  },
  {
    "model": "main.module",
    "pk": 106,
    "fields": {
      "video": 55,
      "title": "5 Best Google Drive Features for Teachers_beginner",
      "questions": [
        164,
        165
      ]
    }
  },
  {
    "model": "main.module",
    "pk": 107,
    "fields": {
      "video": 55,
      "title": "5 Best Google Drive Features for Teachers_advanced",
      "questions": [
        164,
        165,
        166
      ]
    }
  },
  {
    "model": "main.module",
    "pk": 108,
    "fields": {
      "video": 56,
      "title": "Google Drive for Beginners - The Complete Course - Including Docs, Sheets, Forms, and Slides_beginner",
      "questions": [
        167,
        168
      ]
    }
  },
  {
    "model": "main.module",
    "pk": 109,
    "fields": {
      "video": 56,
      "title": "Google Drive for Beginners - The Complete Course - Including Docs, Sheets, Forms, and Slides_advanced",
      "questions": [
        167,
        168,
        169
      ]
    }
  },
  {
    "model": "main.module",
    "pk": 110,
    "fields": {
      "video": 57,
      "title": "Organize Your Teacher Google Drive_beginner",
      "questions": [
        170,
        171
      ]
    }
  },
  {
    "model": "main.module",
    "pk": 111,
    "fields": {
      "video": 57,
      "title": "Organize Your Teacher Google Drive_advanced",
      "questions": [
        170,
        171,
        172
      ]
    }
  },
  {
    "model": "main.module",
    "pk": 112,
    "fields": {
      "video": 58,
      "title": "4 Quick Tips to Make an Engaging PowerPoint Presentation [Made for Teachers]_beginner",
      "questions": [
        173,
        174
      ]
    }
  },
  {
    "model": "main.module",
    "pk": 113,
    "fields": {
      "video": 58,
      "title": "4 Quick Tips to Make an Engaging PowerPoint Presentation [Made for Teachers]_advanced",
      "questions": [
        173,
        174,
        175
      ]
    }
  },
  {
    "model": "main.module",
    "pk": 114,
    "fields": {
      "video": 59,
      "title": "My Weekly Classroom PowerPoint Slides TIPS and TUTORIAL! | Mrs. Call Creates_beginner",
      "questions": [
        176,
        177
      ]
    }
  },
  {
    "model": "main.module",
    "pk": 115,
    "fields": {
      "video": 59,
      "title": "My Weekly Classroom PowerPoint Slides TIPS and TUTORIAL! | Mrs. Call Creates_advanced",
      "questions": [
        176,
        177,
        178
      ]
    }
  },
  {
    "model": "main.module",
    "pk": 116,
    "fields": {
      "video": 60,
      "title": "Microsoft PowerPoint Tutorial - Beginners Level 1_beginner",
      "questions": [
        179,
        180
      ]
    }
  },
  {
    "model": "main.module",
    "pk": 117,
    "fields": {
      "video": 60,
      "title": "Microsoft PowerPoint Tutorial - Beginners Level 1_advanced",
      "questions": [
        179,
        180,
        181
      ]
    }
  },
  {
    "model": "main.module",
    "pk": 118,
    "fields": {
      "video": 61,
      "title": "Teacher's \"mental health check in\" for students goes viral_beginner",
      "questions": [
        182,
        183
      ]
    }
  },
  {
    "model": "main.module",
    "pk": 119,
    "fields": {
      "video": 61,
      "title": "Teacher's \"mental health check in\" for students goes viral_advanced",
      "questions": [
        182,
        183,
        184
      ]
    }
  },
  {
    "model": "main.module",
    "pk": 120,
    "fields": {
      "video": 62,
      "title": "Mental Health in Schools: Were Doing it Wrong | Maya Dawson | TEDxYouth@CherryCreek_beginner",
      "questions": [
        185,
        186
      ]
    }
  },
  {
    "model": "main.module",
    "pk": 121,
    "fields": {
      "video": 62,
      "title": "Mental Health in Schools: Were Doing it Wrong | Maya Dawson | TEDxYouth@CherryCreek_advanced",
      "questions": [
        185,
        186,
        187
      ]
    }
  },
  {
    "model": "main.module",
    "pk": 122,
    "fields": {
      "video": 63,
      "title": "Teacher Expectations Vs Reality: On Mental Health | Sydnee Leathers | TEDxOhioStateUniversitySalon_beginner",
      "questions": [
        188,
        189
      ]
    }
  },
  {
    "model": "main.module",
    "pk": 123,
    "fields": {
      "video": 63,
      "title": "Teacher Expectations Vs Reality: On Mental Health | Sydnee Leathers | TEDxOhioStateUniversitySalon_advanced",
      "questions": [
        188,
        189,
        190
      ]
    }
  },
  {
    "model": "main.module",
    "pk": 124,
    "fields": {
      "video": 64,
      "title": "How can we support the emotional well-being of teachers? | Sydney Jensen_beginner",
      "questions": [
        191,
        192
      ]
    }
  },
  {
    "model": "main.module",
    "pk": 125,
    "fields": {
      "video": 64,
      "title": "How can we support the emotional well-being of teachers? | Sydney Jensen_advanced",
      "questions": [
        191,
        192,
        193
      ]
    }
  },
  {
    "model": "main.modulecompletion",
    "pk": 1,
    "fields": {
      "user": [
        "chriskok"
      ],
      "module": 4,
      "time_spent": 204.0,
      "complete": true,
      "feedback_rating": 0.0,
      "feedback": null
    }
  },
  {
    "model": "main.modulecompletion",
    "pk": 2,
    "fields": {
      "user": [
        "admin"
      ],
      "module": 8,
      "time_spent": 30.0,
      "complete": true,
      "feedback_rating": 3.5,
      "feedback": "Good!"
    }
  },
  {
    "model": "main.modulecompletion",
    "pk": 3,
    "fields": {
      "user": [
        "monagal20"
      ],
      "module": 7,
      "time_spent": 30.0,
      "complete": true,
      "feedback_rating": 0.0,
      "feedback": null
    }
  },
  {
    "model": "main.modulecompletion",
    "pk": 4,
    "fields": {
      "user": [
        "chriskok"
      ],
      "module": 8,
      "time_spent": 30.0,
      "complete": true,
      "feedback_rating": 0.0,
      "feedback": null
    }
  },
  {
    "model": "main.answertovideoquestion",
    "pk": 1,
    "fields": {
      "user": [
        "chriskok"
      ],
      "video": 3,
      "question": 7,
      "answer": "I do! He brought up many points I hadn't thought about."
    }
  },
  {
    "model": "main.answertovideoquestion",
    "pk": 2,
    "fields": {
      "user": [
        "chriskok"
      ],
      "video": 3,
      "question": 8,
      "answer": "Being able to properly assess students"
    }
  },
  {
    "model": "main.answertovideoquestion",
    "pk": 3,
    "fields": {
      "user": [
        "chriskok"
      ],
      "video": 3,
      "question": 9,
      "answer": "Good"
    }
  },
  {
    "model": "main.answertovideoquestion",
    "pk": 4,
    "fields": {
      "user": [
        "gregtc"
      ],
      "video": 3,
      "question": 7,
      "answer": "No, I don't"
    }
  },
  {
    "model": "main.answertovideoquestion",
    "pk": 5,
    "fields": {
      "user": [
        "admin"
      ],
      "video": 6,
      "question": 17,
      "answer": "a"
    }
  },
  {
    "model": "main.answertovideoquestion",
    "pk": 6,
    "fields": {
      "user": [
        "admin"
      ],
      "video": 6,
      "question": 18,
      "answer": "b"
    }
  },
  {
    "model": "main.answertovideoquestion",
    "pk": 7,
    "fields": {
      "user": [
        "chriskok"
      ],
      "video": 6,
      "question": 17,
      "answer": "I'm not entirely sure what the video was about since I was distracted while watching it, but the introduction seemed to mention something about providing pedagogical ideas based on students' needs, and I guess that could be helpful when planning and organizing lessons?"
    }
  },
  {
    "model": "main.answertovideoquestion",
    "pk": 8,
    "fields": {
      "user": [
        "chriskok"
      ],
      "video": 6,
      "question": 18,
      "answer": "I've always been a really organized person, so I made the effort to prioritize scheduling my lessons and made sure to keep track of all of my students' progress on paper. Sometimes I'd give them extra credit to motivate them to participate, but I never really focused too much on teaching them things beyond what they needed to know."
    }
  },
  {
    "model": "main.answertovideoquestion",
    "pk": 9,
    "fields": {
      "user": [
        "chriskok"
      ],
      "video": 6,
      "question": 19,
      "answer": "Based on my experience, I would add that it's crucial to personalize your teaching methods based on the needs and learning styles of individual students, as opposed to using a one-size-fits-all approach. This can be achieved by setting specific goals and a timeline within your lesson plans to ensure that students are actually benefiting from the content being taught."
    }
  },
  {
    "model": "main.answertovideoquestion",
    "pk": 10,
    "fields": {
      "user": [
        "gregtc"
      ],
      "video": 6,
      "question": 17,
      "answer": "I learned that it's important to consider the needs of students when planning lessons and to be a motivating and supportive teacher who assesses their own work and the work of others to ensure the best outcomes for students. This video has inspired me to continue to work on being a better mentor to my students by consistently planning and organizing my lessons while also providing motivation and support."
    }
  },
  {
    "model": "main.answertovideoquestion",
    "pk": 11,
    "fields": {
      "user": [
        "gregtc"
      ],
      "video": 6,
      "question": 18,
      "answer": "I have found that incorporating student choice and allowing them to have input on what they learn has greatly increased their motivation and engagement in the classroom. Additionally, regularly checking in with my students and providing individualized feedback has allowed them to feel valued and supported in their learning journey."
    }
  },
  {
    "model": "main.recommendationqueue",
    "pk": 4,
    "fields": {
      "user": [
        "admin"
      ],
      "list_of_ids": "[15, 16, 17, 20, 22, 19, 23]"
    }
  },
  {
    "model": "admin.logentry",
    "pk": 1,
    "fields": {
      "action_time": "2023-03-05T13:39:08.368Z",
      "user": [
        "admin"
      ],
      "content_type": [
        "auth",
        "user"
      ],
      "object_id": "2",
      "object_repr": "chriskok",
      "action_flag": 3,
      "change_message": ""
    }
  },
  {
    "model": "admin.logentry",
    "pk": 2,
    "fields": {
      "action_time": "2023-03-05T15:42:26.592Z",
      "user": [
        "admin"
      ],
      "content_type": [
        "main",
        "video"
      ],
      "object_id": "1",
      "object_repr": "Persepsi Gen-Z Terhadap Guru ft. Cikgu Anud",
      "action_flag": 1,
      "change_message": "[{\"added\": {}}]"
    }
  },
  {
    "model": "admin.logentry",
    "pk": 3,
    "fields": {
      "action_time": "2023-03-05T15:42:50.199Z",
      "user": [
        "admin"
      ],
      "content_type": [
        "main",
        "video"
      ],
      "object_id": "2",
      "object_repr": "It's time for CikguSpeaks!",
      "action_flag": 1,
      "change_message": "[{\"added\": {}}]"
    }
  },
  {
    "model": "admin.logentry",
    "pk": 4,
    "fields": {
      "action_time": "2023-03-05T15:43:46.048Z",
      "user": [
        "admin"
      ],
      "content_type": [
        "main",
        "video"
      ],
      "object_id": "3",
      "object_repr": "What makes a good teacher great?",
      "action_flag": 1,
      "change_message": "[{\"added\": {}}]"
    }
  },
  {
    "model": "admin.logentry",
    "pk": 5,
    "fields": {
      "action_time": "2023-03-05T15:44:24.155Z",
      "user": [
        "admin"
      ],
      "content_type": [
        "main",
        "videoquestion"
      ],
      "object_id": "1",
      "object_repr": "Persepsi Gen-Z Terhadap Guru ft. Cikgu Anud: What are the differences with the new generation of students?",
      "action_flag": 1,
      "change_message": "[{\"added\": {}}]"
    }
  },
  {
    "model": "admin.logentry",
    "pk": 6,
    "fields": {
      "action_time": "2023-03-05T15:44:45.554Z",
      "user": [
        "admin"
      ],
      "content_type": [
        "main",
        "videoquestion"
      ],
      "object_id": "2",
      "object_repr": "Persepsi Gen-Z Terhadap Guru ft. Cikgu Anud: How have you struggled with new students?",
      "action_flag": 1,
      "change_message": "[{\"added\": {}}]"
    }
  },
  {
    "model": "admin.logentry",
    "pk": 7,
    "fields": {
      "action_time": "2023-03-05T15:45:32.588Z",
      "user": [
        "admin"
      ],
      "content_type": [
        "main",
        "videoquestion"
      ],
      "object_id": "3",
      "object_repr": "Persepsi Gen-Z Terhadap Guru ft. Cikgu Anud: What are the best methods of handling students in the new generation?",
      "action_flag": 1,
      "change_message": "[{\"added\": {}}]"
    }
  },
  {
    "model": "admin.logentry",
    "pk": 8,
    "fields": {
      "action_time": "2023-03-05T15:46:25.437Z",
      "user": [
        "admin"
      ],
      "content_type": [
        "main",
        "videoquestion"
      ],
      "object_id": "4",
      "object_repr": "Persepsi Gen-Z Terhadap Guru ft. Cikgu Anud: Based on your experience, which was the easiest generation to teach?",
      "action_flag": 1,
      "change_message": "[{\"added\": {}}]"
    }
  },
  {
    "model": "admin.logentry",
    "pk": 9,
    "fields": {
      "action_time": "2023-03-05T15:46:38.903Z",
      "user": [
        "admin"
      ],
      "content_type": [
        "main",
        "videoquestion"
      ],
      "object_id": "5",
      "object_repr": "It's time for CikguSpeaks!: What is CikguSpeaks?",
      "action_flag": 1,
      "change_message": "[{\"added\": {}}]"
    }
  },
  {
    "model": "admin.logentry",
    "pk": 10,
    "fields": {
      "action_time": "2023-03-05T15:47:39.727Z",
      "user": [
        "admin"
      ],
      "content_type": [
        "main",
        "videoquestion"
      ],
      "object_id": "6",
      "object_repr": "It's time for CikguSpeaks!: How excited are you for CikguSpeaks?",
      "action_flag": 1,
      "change_message": "[{\"added\": {}}]"
    }
  },
  {
    "model": "admin.logentry",
    "pk": 11,
    "fields": {
      "action_time": "2023-03-05T15:47:57.575Z",
      "user": [
        "admin"
      ],
      "content_type": [
        "main",
        "videoquestion"
      ],
      "object_id": "7",
      "object_repr": "What makes a good teacher great?: Do you agree with the ted speaker? Why?",
      "action_flag": 1,
      "change_message": "[{\"added\": {}}]"
    }
  },
  {
    "model": "admin.logentry",
    "pk": 12,
    "fields": {
      "action_time": "2023-03-05T15:48:25.729Z",
      "user": [
        "admin"
      ],
      "content_type": [
        "main",
        "videoquestion"
      ],
      "object_id": "8",
      "object_repr": "What makes a good teacher great?: What were some points he missed out about being a great teacher?",
      "action_flag": 1,
      "change_message": "[{\"added\": {}}]"
    }
  },
  {
    "model": "admin.logentry",
    "pk": 13,
    "fields": {
      "action_time": "2023-03-05T15:49:35.833Z",
      "user": [
        "admin"
      ],
      "content_type": [
        "main",
        "videoquestion"
      ],
      "object_id": "9",
      "object_repr": "What makes a good teacher great?: Based on his explanation, how good of a teacher do you feel you are?",
      "action_flag": 1,
      "change_message": "[{\"added\": {}}]"
    }
  },
  {
    "model": "admin.logentry",
    "pk": 14,
    "fields": {
      "action_time": "2023-03-05T15:50:04.270Z",
      "user": [
        "admin"
      ],
      "content_type": [
        "main",
        "module"
      ],
      "object_id": "1",
      "object_repr": "Persepsi_Inexperienced",
      "action_flag": 1,
      "change_message": "[{\"added\": {}}]"
    }
  },
  {
    "model": "admin.logentry",
    "pk": 15,
    "fields": {
      "action_time": "2023-03-05T15:50:15.453Z",
      "user": [
        "admin"
      ],
      "content_type": [
        "main",
        "module"
      ],
      "object_id": "2",
      "object_repr": "Persepsi_Experienced",
      "action_flag": 1,
      "change_message": "[{\"added\": {}}]"
    }
  },
  {
    "model": "admin.logentry",
    "pk": 16,
    "fields": {
      "action_time": "2023-03-05T15:50:30.413Z",
      "user": [
        "admin"
      ],
      "content_type": [
        "main",
        "module"
      ],
      "object_id": "3",
      "object_repr": "CikguSpeaks",
      "action_flag": 1,
      "change_message": "[{\"added\": {}}]"
    }
  },
  {
    "model": "admin.logentry",
    "pk": 17,
    "fields": {
      "action_time": "2023-03-05T15:50:54.781Z",
      "user": [
        "admin"
      ],
      "content_type": [
        "main",
        "module"
      ],
      "object_id": "4",
      "object_repr": "TedX_selfeval",
      "action_flag": 1,
      "change_message": "[{\"added\": {}}]"
    }
  },
  {
    "model": "admin.logentry",
    "pk": 18,
    "fields": {
      "action_time": "2023-03-05T15:51:04.750Z",
      "user": [
        "admin"
      ],
      "content_type": [
        "main",
        "module"
      ],
      "object_id": "5",
      "object_repr": "TedX",
      "action_flag": 1,
      "change_message": "[{\"added\": {}}]"
    }
  },
  {
    "model": "admin.logentry",
    "pk": 19,
    "fields": {
      "action_time": "2023-03-05T15:51:28.934Z",
      "user": [
        "admin"
      ],
      "content_type": [
        "main",
        "modulecompletion"
      ],
      "object_id": "1",
      "object_repr": "chriskok finished What makes a good teacher great?",
      "action_flag": 1,
      "change_message": "[{\"added\": {}}]"
    }
  },
  {
    "model": "admin.logentry",
    "pk": 20,
    "fields": {
      "action_time": "2023-03-05T15:52:41.806Z",
      "user": [
        "admin"
      ],
      "content_type": [
        "main",
        "learnermodel"
      ],
      "object_id": "1",
      "object_repr": "LearnerModel object (1)",
      "action_flag": 1,
      "change_message": "[{\"added\": {}}]"
    }
  },
  {
    "model": "admin.logentry",
    "pk": 21,
    "fields": {
      "action_time": "2023-03-05T15:53:13.286Z",
      "user": [
        "admin"
      ],
      "content_type": [
        "main",
        "learnermodel"
      ],
      "object_id": "2",
      "object_repr": "LearnerModel object (2)",
      "action_flag": 1,
      "change_message": "[{\"added\": {}}]"
    }
  },
  {
    "model": "admin.logentry",
    "pk": 22,
    "fields": {
      "action_time": "2023-03-05T15:53:49.256Z",
      "user": [
        "admin"
      ],
      "content_type": [
        "main",
        "learnermodel"
      ],
      "object_id": "1",
      "object_repr": "LearnerModel object (1)",
      "action_flag": 2,
      "change_message": "[{\"changed\": {\"fields\": [\"Role\"]}}]"
    }
  },
  {
    "model": "admin.logentry",
    "pk": 23,
    "fields": {
      "action_time": "2023-03-05T15:54:28.754Z",
      "user": [
        "admin"
      ],
      "content_type": [
        "main",
        "learnermodel"
      ],
      "object_id": "1",
      "object_repr": "chriskok",
      "action_flag": 2,
      "change_message": "[{\"changed\": {\"fields\": [\"School level\"]}}]"
    }
  },
  {
    "model": "admin.logentry",
    "pk": 24,
    "fields": {
      "action_time": "2023-03-05T15:54:34.568Z",
      "user": [
        "admin"
      ],
      "content_type": [
        "main",
        "learnermodel"
      ],
      "object_id": "2",
      "object_repr": "gregtc",
      "action_flag": 2,
      "change_message": "[{\"changed\": {\"fields\": [\"School level\"]}}]"
    }
  },
  {
    "model": "admin.logentry",
    "pk": 25,
    "fields": {
      "action_time": "2023-03-05T15:55:31.002Z",
      "user": [
        "admin"
      ],
      "content_type": [
        "main",
        "answertovideoquestion"
      ],
      "object_id": "1",
      "object_repr": "What makes a good teacher great?: What makes a good teacher great?: Do you agree with the ted speaker? Why? - 1",
      "action_flag": 1,
      "change_message": "[{\"added\": {}}]"
    }
  },
  {
    "model": "admin.logentry",
    "pk": 26,
    "fields": {
      "action_time": "2023-03-05T15:56:47.190Z",
      "user": [
        "admin"
      ],
      "content_type": [
        "main",
        "answertovideoquestion"
      ],
      "object_id": "1",
      "object_repr": "What makes a good teacher great?: What makes a good teacher great?: Do you agree with the ted speaker? Why? - 1",
      "action_flag": 2,
      "change_message": "[{\"changed\": {\"fields\": [\"User\"]}}]"
    }
  },
  {
    "model": "admin.logentry",
    "pk": 27,
    "fields": {
      "action_time": "2023-03-05T15:57:53.524Z",
      "user": [
        "admin"
      ],
      "content_type": [
        "main",
        "answertovideoquestion"
      ],
      "object_id": "2",
      "object_repr": "What makes a good teacher great?: What were some points he missed out about being a great teacher? - chriskok",
      "action_flag": 1,
      "change_message": "[{\"added\": {}}]"
    }
  },
  {
    "model": "admin.logentry",
    "pk": 28,
    "fields": {
      "action_time": "2023-03-05T15:58:04.222Z",
      "user": [
        "admin"
      ],
      "content_type": [
        "main",
        "answertovideoquestion"
      ],
      "object_id": "3",
      "object_repr": "What makes a good teacher great?: Based on his explanation, how good of a teacher do you feel you are? - chriskok",
      "action_flag": 1,
      "change_message": "[{\"added\": {}}]"
    }
  },
  {
    "model": "admin.logentry",
    "pk": 29,
    "fields": {
      "action_time": "2023-03-05T16:00:23.135Z",
      "user": [
        "admin"
      ],
      "content_type": [
        "main",
        "recommendationqueue"
      ],
      "object_id": "1",
      "object_repr": "chriskok: [1,3] ",
      "action_flag": 1,
      "change_message": "[{\"added\": {}}]"
    }
  },
  {
    "model": "admin.logentry",
    "pk": 30,
    "fields": {
      "action_time": "2023-03-05T16:00:34.095Z",
      "user": [
        "admin"
      ],
      "content_type": [
        "main",
        "recommendationqueue"
      ],
      "object_id": "2",
      "object_repr": "gregtc: [2,3,4] ",
      "action_flag": 1,
      "change_message": "[{\"added\": {}}]"
    }
  },
  {
    "model": "admin.logentry",
    "pk": 31,
    "fields": {
      "action_time": "2023-03-05T16:32:30.216Z",
      "user": [
        "admin"
      ],
      "content_type": [
        "main",
        "learnermodel"
      ],
      "object_id": "3",
      "object_repr": "admin",
      "action_flag": 1,
      "change_message": "[{\"added\": {}}]"
    }
  },
  {
    "model": "admin.logentry",
    "pk": 32,
    "fields": {
      "action_time": "2023-03-05T16:32:37.703Z",
      "user": [
        "admin"
      ],
      "content_type": [
        "main",
        "recommendationqueue"
      ],
      "object_id": "3",
      "object_repr": "admin: [2,3,4] ",
      "action_flag": 1,
      "change_message": "[{\"added\": {}}]"
    }
  },
  {
    "model": "admin.logentry",
    "pk": 33,
    "fields": {
      "action_time": "2023-03-05T16:50:42.339Z",
      "user": [
        "admin"
      ],
      "content_type": [
        "main",
        "module"
      ],
      "object_id": "1",
      "object_repr": "1. Persepsi_Inexperienced",
      "action_flag": 2,
      "change_message": "[{\"changed\": {\"fields\": [\"Questions\"]}}]"
    }
  },
  {
    "model": "admin.logentry",
    "pk": 34,
    "fields": {
      "action_time": "2023-03-05T17:00:30.362Z",
      "user": [
        "admin"
      ],
      "content_type": [
        "main",
        "recommendationqueue"
      ],
      "object_id": "3",
      "object_repr": "admin: [2,4,3] ",
      "action_flag": 2,
      "change_message": "[{\"changed\": {\"fields\": [\"List of module ids\"]}}]"
    }
  },
  {
    "model": "admin.logentry",
    "pk": 35,
    "fields": {
      "action_time": "2023-03-05T17:26:38.560Z",
      "user": [
        "admin"
      ],
      "content_type": [
        "main",
        "recommendationqueue"
      ],
      "object_id": "2",
      "object_repr": "gregtc: [4,2,3] ",
      "action_flag": 2,
      "change_message": "[{\"changed\": {\"fields\": [\"List of module ids\"]}}]"
    }
  },
  {
    "model": "admin.logentry",
    "pk": 36,
    "fields": {
      "action_time": "2023-03-05T18:00:12.467Z",
      "user": [
        "admin"
      ],
      "content_type": [
        "main",
        "learnermodel"
      ],
      "object_id": "3",
      "object_repr": "admin",
      "action_flag": 2,
      "change_message": "[{\"changed\": {\"fields\": [\"Planner score\", \"Guardian score\", \"Mentor score\", \"Motivator score\", \"Assessor score\"]}}]"
    }
  },
  {
    "model": "admin.logentry",
    "pk": 37,
    "fields": {
      "action_time": "2023-03-05T18:08:00.941Z",
      "user": [
        "admin"
      ],
      "content_type": [
        "main",
        "learnermodel"
      ],
      "object_id": "3",
      "object_repr": "admin",
      "action_flag": 2,
      "change_message": "[{\"changed\": {\"fields\": [\"Feedback\"]}}]"
    }
  },
  {
    "model": "admin.logentry",
    "pk": 38,
    "fields": {
      "action_time": "2023-03-05T18:18:34.419Z",
      "user": [
        "admin"
      ],
      "content_type": [
        "main",
        "learnermodel"
      ],
      "object_id": "1",
      "object_repr": "chriskok",
      "action_flag": 2,
      "change_message": "[{\"changed\": {\"fields\": [\"Planner score\", \"Guardian score\", \"Mentor score\", \"Motivator score\", \"Assessor score\", \"Feedback\"]}}]"
    }
  },
  {
    "model": "admin.logentry",
    "pk": 39,
    "fields": {
      "action_time": "2023-03-05T18:18:54.527Z",
      "user": [
        "admin"
      ],
      "content_type": [
        "main",
        "learnermodel"
      ],
      "object_id": "2",
      "object_repr": "gregtc",
      "action_flag": 2,
      "change_message": "[{\"changed\": {\"fields\": [\"Planner score\", \"Guardian score\", \"Mentor score\", \"Motivator score\", \"Assessor score\", \"Feedback\"]}}]"
    }
  },
  {
    "model": "admin.logentry",
    "pk": 40,
    "fields": {
      "action_time": "2023-03-05T19:08:55.494Z",
      "user": [
        "admin"
      ],
      "content_type": [
        "main",
        "answertovideoquestion"
      ],
      "object_id": "4",
      "object_repr": "What makes a good teacher great?: Do you agree with the ted speaker? Why? - gregtc",
      "action_flag": 1,
      "change_message": "[{\"added\": {}}]"
    }
  },
  {
    "model": "admin.logentry",
    "pk": 41,
    "fields": {
      "action_time": "2023-03-12T21:09:52.779Z",
      "user": [
        "admin"
      ],
      "content_type": [
        "main",
        "videoquestion"
      ],
      "object_id": "12",
      "object_repr": "Persepsi Gen-Z Terhadap Guru ft. Cikgu Anud: Test Ques",
      "action_flag": 3,
      "change_message": ""
    }
  },
  {
    "model": "admin.logentry",
    "pk": 42,
    "fields": {
      "action_time": "2023-03-12T21:09:52.782Z",
      "user": [
        "admin"
      ],
      "content_type": [
        "main",
        "videoquestion"
      ],
      "object_id": "11",
      "object_repr": "Persepsi Gen-Z Terhadap Guru ft. Cikgu Anud: Test Ques",
      "action_flag": 3,
      "change_message": ""
    }
  },
  {
    "model": "admin.logentry",
    "pk": 43,
    "fields": {
      "action_time": "2023-03-12T21:09:52.784Z",
      "user": [
        "admin"
      ],
      "content_type": [
        "main",
        "videoquestion"
      ],
      "object_id": "10",
      "object_repr": "Persepsi Gen-Z Terhadap Guru ft. Cikgu Anud: Testing Question - hello",
      "action_flag": 3,
      "change_message": ""
    }
  },
  {
    "model": "admin.logentry",
    "pk": 44,
    "fields": {
      "action_time": "2023-03-12T21:16:06.333Z",
      "user": [
        "admin"
      ],
      "content_type": [
        "main",
        "videoquestion"
      ],
      "object_id": "15",
      "object_repr": "Persepsi Gen-Z Terhadap Guru ft. Cikgu Anud: Test 3",
      "action_flag": 3,
      "change_message": ""
    }
  },
  {
    "model": "admin.logentry",
    "pk": 45,
    "fields": {
      "action_time": "2023-03-12T21:16:06.336Z",
      "user": [
        "admin"
      ],
      "content_type": [
        "main",
        "videoquestion"
      ],
      "object_id": "14",
      "object_repr": "Persepsi Gen-Z Terhadap Guru ft. Cikgu Anud: Test 2",
      "action_flag": 3,
      "change_message": ""
    }
  },
  {
    "model": "admin.logentry",
    "pk": 46,
    "fields": {
      "action_time": "2023-03-12T21:16:06.338Z",
      "user": [
        "admin"
      ],
      "content_type": [
        "main",
        "videoquestion"
      ],
      "object_id": "13",
      "object_repr": "Persepsi Gen-Z Terhadap Guru ft. Cikgu Anud: tetst",
      "action_flag": 3,
      "change_message": ""
    }
  },
  {
    "model": "admin.logentry",
    "pk": 47,
    "fields": {
      "action_time": "2023-03-12T21:16:14.172Z",
      "user": [
        "admin"
      ],
      "content_type": [
        "main",
        "video"
      ],
      "object_id": "4",
      "object_repr": "Testing",
      "action_flag": 3,
      "change_message": ""
    }
  },
  {
    "model": "admin.logentry",
    "pk": 48,
    "fields": {
      "action_time": "2023-03-12T21:28:09.499Z",
      "user": [
        "admin"
      ],
      "content_type": [
        "main",
        "module"
      ],
      "object_id": "6",
      "object_repr": "6. LOFI",
      "action_flag": 1,
      "change_message": "[{\"added\": {}}]"
    }
  },
  {
    "model": "admin.logentry",
    "pk": 49,
    "fields": {
      "action_time": "2023-03-12T21:28:29.096Z",
      "user": [
        "admin"
      ],
      "content_type": [
        "main",
        "recommendationqueue"
      ],
      "object_id": "3",
      "object_repr": "admin: [6, 2,4,3] ",
      "action_flag": 2,
      "change_message": "[{\"changed\": {\"fields\": [\"List of module ids\"]}}]"
    }
  },
  {
    "model": "admin.logentry",
    "pk": 50,
    "fields": {
      "action_time": "2023-03-13T18:21:30.824Z",
      "user": [
        "admin"
      ],
      "content_type": [
        "main",
        "series"
      ],
      "object_id": "14",
      "object_repr": "14: Student mental health ",
      "action_flag": 3,
      "change_message": ""
    }
  },
  {
    "model": "admin.logentry",
    "pk": 51,
    "fields": {
      "action_time": "2023-03-13T18:21:30.827Z",
      "user": [
        "admin"
      ],
      "content_type": [
        "main",
        "series"
      ],
      "object_id": "13",
      "object_repr": "13: Powerpoint demystified ",
      "action_flag": 3,
      "change_message": ""
    }
  },
  {
    "model": "admin.logentry",
    "pk": 52,
    "fields": {
      "action_time": "2023-03-13T18:21:30.828Z",
      "user": [
        "admin"
      ],
      "content_type": [
        "main",
        "series"
      ],
      "object_id": "12",
      "object_repr": "12: Google drive demystified ",
      "action_flag": 3,
      "change_message": ""
    }
  },
  {
    "model": "admin.logentry",
    "pk": 53,
    "fields": {
      "action_time": "2023-03-13T18:21:30.829Z",
      "user": [
        "admin"
      ],
      "content_type": [
        "main",
        "series"
      ],
      "object_id": "11",
      "object_repr": "11: Data driven assessments ",
      "action_flag": 3,
      "change_message": ""
    }
  },
  {
    "model": "admin.logentry",
    "pk": 54,
    "fields": {
      "action_time": "2023-03-13T18:21:30.829Z",
      "user": [
        "admin"
      ],
      "content_type": [
        "main",
        "series"
      ],
      "object_id": "10",
      "object_repr": "10: Holistic learning ",
      "action_flag": 3,
      "change_message": ""
    }
  },
  {
    "model": "admin.logentry",
    "pk": 55,
    "fields": {
      "action_time": "2023-03-13T18:21:30.830Z",
      "user": [
        "admin"
      ],
      "content_type": [
        "main",
        "series"
      ],
      "object_id": "9",
      "object_repr": "9: Student engagement ",
      "action_flag": 3,
      "change_message": ""
    }
  },
  {
    "model": "admin.logentry",
    "pk": 56,
    "fields": {
      "action_time": "2023-03-13T18:21:30.831Z",
      "user": [
        "admin"
      ],
      "content_type": [
        "main",
        "series"
      ],
      "object_id": "8",
      "object_repr": "8: Building confidence ",
      "action_flag": 3,
      "change_message": ""
    }
  },
  {
    "model": "admin.logentry",
    "pk": 57,
    "fields": {
      "action_time": "2023-03-13T18:21:30.832Z",
      "user": [
        "admin"
      ],
      "content_type": [
        "main",
        "series"
      ],
      "object_id": "7",
      "object_repr": "7: Struggling students ",
      "action_flag": 3,
      "change_message": ""
    }
  },
  {
    "model": "admin.logentry",
    "pk": 58,
    "fields": {
      "action_time": "2023-03-13T18:21:30.833Z",
      "user": [
        "admin"
      ],
      "content_type": [
        "main",
        "series"
      ],
      "object_id": "6",
      "object_repr": "6: Project based learning ",
      "action_flag": 3,
      "change_message": ""
    }
  },
  {
    "model": "admin.logentry",
    "pk": 59,
    "fields": {
      "action_time": "2023-03-13T18:21:30.834Z",
      "user": [
        "admin"
      ],
      "content_type": [
        "main",
        "series"
      ],
      "object_id": "5",
      "object_repr": "5: Presentations ",
      "action_flag": 3,
      "change_message": ""
    }
  },
  {
    "model": "admin.logentry",
    "pk": 60,
    "fields": {
      "action_time": "2023-03-13T18:21:30.835Z",
      "user": [
        "admin"
      ],
      "content_type": [
        "main",
        "series"
      ],
      "object_id": "4",
      "object_repr": "4: CikguSpeaks ",
      "action_flag": 3,
      "change_message": ""
    }
  },
  {
    "model": "admin.logentry",
    "pk": 61,
    "fields": {
      "action_time": "2023-03-13T18:21:30.836Z",
      "user": [
        "admin"
      ],
      "content_type": [
        "main",
        "series"
      ],
      "object_id": "3",
      "object_repr": "3: Collaborative learning ",
      "action_flag": 3,
      "change_message": ""
    }
  },
  {
    "model": "admin.logentry",
    "pk": 62,
    "fields": {
      "action_time": "2023-03-13T18:21:30.837Z",
      "user": [
        "admin"
      ],
      "content_type": [
        "main",
        "series"
      ],
      "object_id": "2",
      "object_repr": "2: Play ideas  ",
      "action_flag": 3,
      "change_message": ""
    }
  },
  {
    "model": "admin.logentry",
    "pk": 63,
    "fields": {
      "action_time": "2023-03-13T18:21:30.838Z",
      "user": [
        "admin"
      ],
      "content_type": [
        "main",
        "series"
      ],
      "object_id": "1",
      "object_repr": "1: In the classroom ",
      "action_flag": 3,
      "change_message": ""
    }
  },
  {
    "model": "admin.logentry",
    "pk": 64,
    "fields": {
      "action_time": "2023-03-16T20:39:35.490Z",
      "user": [
        "admin"
      ],
      "content_type": [
        "main",
        "recommendationqueue"
      ],
      "object_id": "3",
      "object_repr": "admin: [22,24,26] ",
      "action_flag": 2,
      "change_message": "[{\"changed\": {\"fields\": [\"List of ids\"]}}]"
    }
  },
  {
    "model": "admin.logentry",
    "pk": 65,
    "fields": {
      "action_time": "2023-03-16T20:44:21.573Z",
      "user": [
        "admin"
      ],
      "content_type": [
        "main",
        "track"
      ],
      "object_id": "6",
      "object_repr": "6: ditial ",
      "action_flag": 3,
      "change_message": ""
    }
  },
  {
    "model": "admin.logentry",
    "pk": 66,
    "fields": {
      "action_time": "2023-03-16T20:52:33.554Z",
      "user": [
        "admin"
      ],
      "content_type": [
        "main",
        "learnermodel"
      ],
      "object_id": "3",
      "object_repr": "admin",
      "action_flag": 2,
      "change_message": "[{\"changed\": {\"fields\": [\"Series completed\"]}}]"
    }
  },
  {
    "model": "admin.logentry",
    "pk": 67,
    "fields": {
      "action_time": "2023-03-16T20:58:45.634Z",
      "user": [
        "admin"
      ],
      "content_type": [
        "main",
        "learnermodel"
      ],
      "object_id": "3",
      "object_repr": "admin",
      "action_flag": 2,
      "change_message": "[{\"changed\": {\"fields\": [\"Series completed\"]}}]"
    }
  },
  {
    "model": "admin.logentry",
    "pk": 68,
    "fields": {
      "action_time": "2023-03-16T20:59:36.011Z",
      "user": [
        "admin"
      ],
      "content_type": [
        "main",
        "learnermodel"
      ],
      "object_id": "3",
      "object_repr": "admin",
      "action_flag": 2,
      "change_message": "[{\"changed\": {\"fields\": [\"Series completed\"]}}]"
    }
  },
  {
    "model": "admin.logentry",
    "pk": 69,
    "fields": {
      "action_time": "2023-03-17T21:12:14.517Z",
      "user": [
        "admin"
      ],
      "content_type": [
        "main",
        "recommendationqueue"
      ],
      "object_id": "3",
      "object_repr": "admin: [22,24,26] ",
      "action_flag": 3,
      "change_message": ""
    }
  },
  {
    "model": "admin.logentry",
    "pk": 70,
    "fields": {
      "action_time": "2023-03-17T21:12:14.519Z",
      "user": [
        "admin"
      ],
      "content_type": [
        "main",
        "recommendationqueue"
      ],
      "object_id": "2",
      "object_repr": "gregtc: [4,2,3] ",
      "action_flag": 3,
      "change_message": ""
    }
  },
  {
    "model": "admin.logentry",
    "pk": 71,
    "fields": {
      "action_time": "2023-03-17T21:12:14.521Z",
      "user": [
        "admin"
      ],
      "content_type": [
        "main",
        "recommendationqueue"
      ],
      "object_id": "1",
      "object_repr": "chriskok: [1,3] ",
      "action_flag": 3,
      "change_message": ""
    }
  },
  {
    "model": "admin.logentry",
    "pk": 72,
    "fields": {
      "action_time": "2023-03-20T14:52:09.458Z",
      "user": [
        "admin"
      ],
      "content_type": [
        "main",
        "modulecompletion"
      ],
      "object_id": "4",
      "object_repr": "chriskok finished 6. An Introduction",
      "action_flag": 1,
      "change_message": "[{\"added\": {}}]"
    }
  }
]